sequence_index,segment_uid,clip_id,video_id,activity,label,step_id,behavior,variation,original_length,padded_frames
0,train_0000_V002_1_0,V002_1_0,V002,RETRIEVE_COTTON,0,1,correct,none,16,16
1,train_0001_V002_2_0,V002_2_0,V002,PLACE_COTTON,1,2,correct,none,22,10
2,train_0002_V002_3_0,V002_3_0,V002,HANDLE_SEEDS,2,3,correct,none,22,10
3,train_0003_V002_4_0,V002_4_0,V002,PLACE_SEEDS,3,4,correct,none,32,0
4,train_0004_V002_4_1,V002_4_1,V002,PLACE_SEEDS,3,4,correct,none,32,0
5,train_0005_V002_5_0,V002_5_0,V002,TAKE_DROPPER,4,5,correct,none,26,6
6,train_0006_V002_6_0,V002_6_0,V002,ADD_WATER,5,6,correct,none,32,0
7,train_0007_V002_6_1,V002_6_1,V002,ADD_WATER,5,6,correct,none,32,0
8,train_0008_V002_6_2,V002_6_2,V002,ADD_WATER,5,6,correct,none,32,0
9,train_0009_V002_6_3,V002_6_3,V002,ADD_WATER,5,6,correct,none,32,0
10,train_0010_V002_6_4,V002_6_4,V002,ADD_WATER,5,6,correct,none,32,0
11,train_0011_V002_6_5,V002_6_5,V002,ADD_WATER,5,6,correct,none,32,0
12,train_0012_V002_6_6,V002_6_6,V002,ADD_WATER,5,6,correct,none,32,0
13,train_0013_V002_6_7,V002_6_7,V002,ADD_WATER,5,6,correct,none,32,0
14,train_0014_V002_6_8,V002_6_8,V002,ADD_WATER,5,6,correct,none,32,0
15,train_0015_V002_6_9,V002_6_9,V002,ADD_WATER,5,6,correct,none,32,0
16,train_0016_V003_1_0,V003_1_0,V003,RETRIEVE_COTTON,0,1,correct,none,13,19
17,train_0017_V003_2_0,V003_2_0,V003,PLACE_COTTON,1,2,correct,none,28,4
18,train_0018_V003_3_0,V003_3_0,V003,HANDLE_SEEDS,2,3,correct,none,19,13
19,train_0019_V003_4_0,V003_4_0,V003,PLACE_SEEDS,3,4,correct,none,32,0
20,train_0020_V003_4_1,V003_4_1,V003,PLACE_SEEDS,3,4,correct,none,32,0
21,train_0021_V003_4_2,V003_4_2,V003,PLACE_SEEDS,3,4,correct,none,32,0
22,train_0022_V003_4_3,V003_4_3,V003,PLACE_SEEDS,3,4,correct,none,32,0
23,train_0023_V003_5_0,V003_5_0,V003,TAKE_DROPPER,4,5,correct,none,28,4
24,train_0024_V003_6_0,V003_6_0,V003,ADD_WATER,5,6,correct,none,32,0
25,train_0025_V003_6_1,V003_6_1,V003,ADD_WATER,5,6,correct,none,32,0
26,train_0026_V003_6_2,V003_6_2,V003,ADD_WATER,5,6,correct,none,32,0
27,train_0027_V003_6_3,V003_6_3,V003,ADD_WATER,5,6,correct,none,32,0
28,train_0028_V003_6_4,V003_6_4,V003,ADD_WATER,5,6,correct,none,32,0
29,train_0029_V003_6_5,V003_6_5,V003,ADD_WATER,5,6,correct,none,32,0
30,train_0030_V003_6_6,V003_6_6,V003,ADD_WATER,5,6,correct,none,32,0
31,train_0031_V003_6_7,V003_6_7,V003,ADD_WATER,5,6,correct,none,32,0
32,train_0032_V003_6_8,V003_6_8,V003,ADD_WATER,5,6,correct,none,32,0
33,train_0033_V003_6_9,V003_6_9,V003,ADD_WATER,5,6,correct,none,32,0
34,train_0034_V003_6_10,V003_6_10,V003,ADD_WATER,5,6,correct,none,32,0
35,train_0035_V004_1_0,V004_1_0,V004,RETRIEVE_COTTON,0,1,correct,none,13,19
36,train_0036_V004_2_0,V004_2_0,V004,PLACE_COTTON,1,2,correct,none,32,0
37,train_0037_V004_3_0,V004_3_0,V004,HANDLE_SEEDS,2,3,correct,none,19,13
38,train_0038_V004_4_0,V004_4_0,V004,PLACE_SEEDS,3,4,correct,none,32,0
39,train_0039_V004_4_1,V004_4_1,V004,PLACE_SEEDS,3,4,correct,none,32,0
40,train_0040_V004_4_2,V004_4_2,V004,PLACE_SEEDS,3,4,correct,none,32,0
41,train_0041_V004_4_3,V004_4_3,V004,PLACE_SEEDS,3,4,correct,none,32,0
42,train_0042_V004_4_4,V004_4_4,V004,PLACE_SEEDS,3,4,correct,none,32,0
43,train_0043_V004_4_5,V004_4_5,V004,PLACE_SEEDS,3,4,correct,none,32,0
44,train_0044_V004_5_0,V004_5_0,V004,TAKE_DROPPER,4,5,correct,none,31,1
45,train_0045_V004_6_0,V004_6_0,V004,ADD_WATER,5,6,correct,none,32,0
46,train_0046_V004_6_1,V004_6_1,V004,ADD_WATER,5,6,correct,none,32,0
47,train_0047_V004_6_2,V004_6_2,V004,ADD_WATER,5,6,correct,none,32,0
48,train_0048_V004_6_3,V004_6_3,V004,ADD_WATER,5,6,correct,none,32,0
49,train_0049_V004_6_4,V004_6_4,V004,ADD_WATER,5,6,correct,none,32,0
50,train_0050_V004_6_5,V004_6_5,V004,ADD_WATER,5,6,correct,none,32,0
51,train_0051_V006_1_0,V006_1_0,V006,RETRIEVE_COTTON,0,1,correct,none,16,16
52,train_0052_V006_2_0,V006_2_0,V006,PLACE_COTTON,1,2,correct,none,31,1
53,train_0053_V006_3_0,V006_3_0,V006,HANDLE_SEEDS,2,3,correct,none,25,7
54,train_0054_V006_4_0,V006_4_0,V006,PLACE_SEEDS,3,4,correct,none,32,0
55,train_0055_V006_4_1,V006_4_1,V006,PLACE_SEEDS,3,4,correct,none,32,0
56,train_0056_V006_4_2,V006_4_2,V006,PLACE_SEEDS,3,4,correct,none,32,0
57,train_0057_V006_5_0,V006_5_0,V006,TAKE_DROPPER,4,5,correct,none,19,13
58,train_0058_V006_6_0,V006_6_0,V006,ADD_WATER,5,6,correct,none,32,0
59,train_0059_V006_6_1,V006_6_1,V006,ADD_WATER,5,6,correct,none,32,0
60,train_0060_V006_6_2,V006_6_2,V006,ADD_WATER,5,6,correct,none,32,0
61,train_0061_V006_6_3,V006_6_3,V006,ADD_WATER,5,6,correct,none,32,0
62,train_0062_V006_6_4,V006_6_4,V006,ADD_WATER,5,6,correct,none,32,0
63,train_0063_V007_1_0,V007_1_0,V007,RETRIEVE_COTTON,0,1,correct,none,28,4
64,train_0064_V007_2_0,V007_2_0,V007,PLACE_COTTON,1,2,correct,none,25,7
65,train_0065_V007_3_0,V007_3_0,V007,HANDLE_SEEDS,2,3,correct,none,22,10
66,train_0066_V007_4_0,V007_4_0,V007,PLACE_SEEDS,3,4,correct,none,32,0
67,train_0067_V007_4_1,V007_4_1,V007,PLACE_SEEDS,3,4,correct,none,32,0
68,train_0068_V007_5_0,V007_5_0,V007,TAKE_DROPPER,4,5,correct,none,25,7
69,train_0069_V007_6_0,V007_6_0,V007,ADD_WATER,5,6,correct,none,32,0
70,train_0070_V007_6_1,V007_6_1,V007,ADD_WATER,5,6,correct,none,32,0
71,train_0071_V007_6_2,V007_6_2,V007,ADD_WATER,5,6,correct,none,32,0
72,train_0072_V007_6_3,V007_6_3,V007,ADD_WATER,5,6,correct,none,32,0
73,train_0073_V007_6_4,V007_6_4,V007,ADD_WATER,5,6,correct,none,32,0
74,train_0074_V007_6_5,V007_6_5,V007,ADD_WATER,5,6,correct,none,32,0
75,train_0075_V007_6_6,V007_6_6,V007,ADD_WATER,5,6,correct,none,32,0
76,train_0076_V007_6_7,V007_6_7,V007,ADD_WATER,5,6,correct,none,32,0
77,train_0077_V008_1_0,V008_1_0,V008,RETRIEVE_COTTON,0,1,correct,none,22,10
78,train_0078_V008_2_0,V008_2_0,V008,PLACE_COTTON,1,2,correct,none,25,7
79,train_0079_V008_3_0,V008_3_0,V008,HANDLE_SEEDS,2,3,correct,none,25,7
80,train_0080_V008_4_0,V008_4_0,V008,PLACE_SEEDS,3,4,correct,none,32,0
81,train_0081_V008_4_1,V008_4_1,V008,PLACE_SEEDS,3,4,correct,none,32,0
82,train_0082_V008_4_2,V008_4_2,V008,PLACE_SEEDS,3,4,correct,none,32,0
83,train_0083_V008_5_0,V008_5_0,V008,TAKE_DROPPER,4,5,correct,none,32,0
84,train_0084_V008_6_0,V008_6_0,V008,ADD_WATER,5,6,correct,none,32,0
85,train_0085_V008_6_1,V008_6_1,V008,ADD_WATER,5,6,correct,none,32,0
86,train_0086_V008_6_2,V008_6_2,V008,ADD_WATER,5,6,correct,none,32,0
87,train_0087_V008_6_3,V008_6_3,V008,ADD_WATER,5,6,correct,none,32,0
88,train_0088_V008_6_4,V008_6_4,V008,ADD_WATER,5,6,correct,none,32,0
89,train_0089_V008_6_5,V008_6_5,V008,ADD_WATER,5,6,correct,none,32,0
90,train_0090_V008_6_6,V008_6_6,V008,ADD_WATER,5,6,correct,none,32,0
91,train_0091_V008_6_7,V008_6_7,V008,ADD_WATER,5,6,correct,none,32,0
92,train_0092_V008_6_8,V008_6_8,V008,ADD_WATER,5,6,correct,none,32,0
93,train_0093_V008_6_9,V008_6_9,V008,ADD_WATER,5,6,correct,none,32,0
94,train_0094_V008_6_10,V008_6_10,V008,ADD_WATER,5,6,correct,none,32,0
95,train_0095_V008_6_11,V008_6_11,V008,ADD_WATER,5,6,correct,none,32,0
96,train_0096_V008_6_12,V008_6_12,V008,ADD_WATER,5,6,correct,none,32,0
97,train_0097_V008_6_13,V008_6_13,V008,ADD_WATER,5,6,correct,none,32,0
98,train_0098_V008_6_14,V008_6_14,V008,ADD_WATER,5,6,correct,none,32,0
99,train_0099_V009_1_0,V009_1_0,V009,RETRIEVE_COTTON,0,1,correct,none,16,16
100,train_0100_V009_2_0,V009_2_0,V009,PLACE_COTTON,1,2,correct,none,22,10
101,train_0101_V009_3_0,V009_3_0,V009,HANDLE_SEEDS,2,3,correct,none,28,4
102,train_0102_V009_4_0,V009_4_0,V009,PLACE_SEEDS,3,4,correct,none,32,0
103,train_0103_V009_4_1,V009_4_1,V009,PLACE_SEEDS,3,4,correct,none,32,0
104,train_0104_V009_4_2,V009_4_2,V009,PLACE_SEEDS,3,4,correct,none,32,0
105,train_0105_V009_5_0,V009_5_0,V009,TAKE_DROPPER,4,5,correct,none,25,7
106,train_0106_V009_6_0,V009_6_0,V009,ADD_WATER,5,6,correct,none,32,0
107,train_0107_V009_6_1,V009_6_1,V009,ADD_WATER,5,6,correct,none,32,0
108,train_0108_V009_6_2,V009_6_2,V009,ADD_WATER,5,6,correct,none,32,0
109,train_0109_V009_6_3,V009_6_3,V009,ADD_WATER,5,6,correct,none,32,0
110,train_0110_V009_6_4,V009_6_4,V009,ADD_WATER,5,6,correct,none,32,0
111,train_0111_V009_6_5,V009_6_5,V009,ADD_WATER,5,6,correct,none,32,0
112,train_0112_V009_6_6,V009_6_6,V009,ADD_WATER,5,6,correct,none,32,0
113,train_0113_V009_6_7,V009_6_7,V009,ADD_WATER,5,6,correct,none,32,0
114,train_0114_V009_6_8,V009_6_8,V009,ADD_WATER,5,6,correct,none,32,0
115,train_0115_V009_6_9,V009_6_9,V009,ADD_WATER,5,6,correct,none,32,0
116,train_0116_V009_6_10,V009_6_10,V009,ADD_WATER,5,6,correct,none,32,0
117,train_0117_V010_1_0,V010_1_0,V010,RETRIEVE_COTTON,0,1,correct,none,16,16
118,train_0118_V010_2_0,V010_2_0,V010,PLACE_COTTON,1,2,correct,none,28,4
119,train_0119_V010_3_0,V010_3_0,V010,HANDLE_SEEDS,2,3,correct,none,16,16
120,train_0120_V010_4_0,V010_4_0,V010,PLACE_SEEDS,3,4,correct,none,32,0
121,train_0121_V010_5_0,V010_5_0,V010,TAKE_DROPPER,4,5,correct,none,32,0
122,train_0122_V010_6_0,V010_6_0,V010,ADD_WATER,5,6,correct,none,32,0
123,train_0123_V010_6_1,V010_6_1,V010,ADD_WATER,5,6,correct,none,32,0
124,train_0124_V010_6_2,V010_6_2,V010,ADD_WATER,5,6,correct,none,32,0
125,train_0125_V010_6_3,V010_6_3,V010,ADD_WATER,5,6,correct,none,32,0
126,train_0126_V010_6_4,V010_6_4,V010,ADD_WATER,5,6,correct,none,32,0
127,train_0127_V014_1_0,V014_1_0,V014,RETRIEVE_COTTON,0,1,correct,none,22,10
128,train_0128_V014_2_0,V014_2_0,V014,PLACE_COTTON,1,2,correct,none,28,4
129,train_0129_V014_3_0,V014_3_0,V014,HANDLE_SEEDS,2,3,correct,none,32,0
130,train_0130_V014_3_1,V014_3_1,V014,HANDLE_SEEDS,2,3,correct,none,32,0
131,train_0131_V014_4_0,V014_4_0,V014,PLACE_SEEDS,3,4,correct,none,32,0
132,train_0132_V014_4_1,V014_4_1,V014,PLACE_SEEDS,3,4,correct,none,32,0
133,train_0133_V014_4_2,V014_4_2,V014,PLACE_SEEDS,3,4,correct,none,32,0
134,train_0134_V014_4_3,V014_4_3,V014,PLACE_SEEDS,3,4,correct,none,32,0
135,train_0135_V014_4_4,V014_4_4,V014,PLACE_SEEDS,3,4,correct,none,32,0
136,train_0136_V014_4_5,V014_4_5,V014,PLACE_SEEDS,3,4,correct,none,32,0
137,train_0137_V014_5_0,V014_5_0,V014,TAKE_DROPPER,4,5,correct,none,32,0
138,train_0138_V014_5_1,V014_5_1,V014,TAKE_DROPPER,4,5,correct,none,32,0
139,train_0139_V014_6_0,V014_6_0,V014,ADD_WATER,5,6,correct,none,32,0
140,train_0140_V014_6_1,V014_6_1,V014,ADD_WATER,5,6,correct,none,32,0
141,train_0141_V014_6_2,V014_6_2,V014,ADD_WATER,5,6,correct,none,32,0
142,train_0142_V014_6_3,V014_6_3,V014,ADD_WATER,5,6,correct,none,32,0
143,train_0143_V014_6_4,V014_6_4,V014,ADD_WATER,5,6,correct,none,32,0
144,train_0144_V014_6_5,V014_6_5,V014,ADD_WATER,5,6,correct,none,32,0
145,train_0145_V014_6_6,V014_6_6,V014,ADD_WATER,5,6,correct,none,32,0
146,train_0146_V014_6_7,V014_6_7,V014,ADD_WATER,5,6,correct,none,32,0
147,train_0147_V014_6_8,V014_6_8,V014,ADD_WATER,5,6,correct,none,32,0
148,train_0148_V014_6_9,V014_6_9,V014,ADD_WATER,5,6,correct,none,32,0
149,train_0149_V014_6_10,V014_6_10,V014,ADD_WATER,5,6,correct,none,32,0
150,train_0150_V014_6_11,V014_6_11,V014,ADD_WATER,5,6,correct,none,32,0
151,train_0151_V014_6_12,V014_6_12,V014,ADD_WATER,5,6,correct,none,32,0
152,train_0152_V014_6_13,V014_6_13,V014,ADD_WATER,5,6,correct,none,32,0
153,train_0153_V014_6_14,V014_6_14,V014,ADD_WATER,5,6,correct,none,32,0
154,train_0154_V014_6_15,V014_6_15,V014,ADD_WATER,5,6,correct,none,32,0
155,train_0155_V014_6_16,V014_6_16,V014,ADD_WATER,5,6,correct,none,32,0
156,train_0156_V014_6_17,V014_6_17,V014,ADD_WATER,5,6,correct,none,32,0
157,train_0157_V015_1_0,V015_1_0,V015,RETRIEVE_COTTON,0,1,correct,none,13,19
158,train_0158_V015_2_0,V015_2_0,V015,PLACE_COTTON,1,2,correct,none,25,7
159,train_0159_V015_3_0,V015_3_0,V015,HANDLE_SEEDS,2,3,correct,none,28,4
160,train_0160_V015_4_0,V015_4_0,V015,PLACE_SEEDS,3,4,correct,none,32,0
161,train_0161_V015_4_1,V015_4_1,V015,PLACE_SEEDS,3,4,correct,none,32,0
162,train_0162_V015_5_0,V015_5_0,V015,TAKE_DROPPER,4,5,correct,none,32,0
163,train_0163_V015_6_0,V015_6_0,V015,ADD_WATER,5,6,correct,none,32,0
164,train_0164_V015_6_1,V015_6_1,V015,ADD_WATER,5,6,correct,none,32,0
165,train_0165_V015_6_2,V015_6_2,V015,ADD_WATER,5,6,correct,none,32,0
166,train_0166_V015_6_3,V015_6_3,V015,ADD_WATER,5,6,correct,none,32,0
167,train_0167_V015_6_4,V015_6_4,V015,ADD_WATER,5,6,correct,none,32,0
168,train_0168_V015_6_5,V015_6_5,V015,ADD_WATER,5,6,correct,none,32,0
169,train_0169_V015_6_6,V015_6_6,V015,ADD_WATER,5,6,correct,none,32,0
170,train_0170_V017_1_0,V017_1_0,V017,RETRIEVE_COTTON,0,1,correct,none,16,16
171,train_0171_V017_2_0,V017_2_0,V017,PLACE_COTTON,1,2,correct,none,19,13
172,train_0172_V017_3_0,V017_3_0,V017,HANDLE_SEEDS,2,3,correct,none,28,4
173,train_0173_V017_4_0,V017_4_0,V017,PLACE_SEEDS,3,4,correct,none,32,0
174,train_0174_V017_4_1,V017_4_1,V017,PLACE_SEEDS,3,4,correct,none,32,0
175,train_0175_V017_5_0,V017_5_0,V017,TAKE_DROPPER,4,5,correct,none,26,6
176,train_0176_V017_6_0,V017_6_0,V017,ADD_WATER,5,6,correct,none,32,0
177,train_0177_V017_6_1,V017_6_1,V017,ADD_WATER,5,6,correct,none,32,0
178,train_0178_V017_6_2,V017_6_2,V017,ADD_WATER,5,6,correct,none,32,0
179,train_0179_V017_6_3,V017_6_3,V017,ADD_WATER,5,6,correct,none,32,0
180,train_0180_V017_6_4,V017_6_4,V017,ADD_WATER,5,6,correct,none,32,0
181,train_0181_V017_6_5,V017_6_5,V017,ADD_WATER,5,6,correct,none,32,0
182,train_0182_V017_6_6,V017_6_6,V017,ADD_WATER,5,6,correct,none,32,0
183,train_0183_V018_1_0,V018_1_0,V018,RETRIEVE_COTTON,0,1,correct,none,19,13
184,train_0184_V018_2_0,V018_2_0,V018,PLACE_COTTON,1,2,correct,none,22,10
185,train_0185_V018_3_0,V018_3_0,V018,HANDLE_SEEDS,2,3,correct,none,32,0
186,train_0186_V018_4_0,V018_4_0,V018,PLACE_SEEDS,3,4,correct,none,32,0
187,train_0187_V018_5_0,V018_5_0,V018,TAKE_DROPPER,4,5,correct,none,31,1
188,train_0188_V018_6_0,V018_6_0,V018,ADD_WATER,5,6,correct,none,32,0
189,train_0189_V018_6_1,V018_6_1,V018,ADD_WATER,5,6,correct,none,32,0
190,train_0190_V018_6_2,V018_6_2,V018,ADD_WATER,5,6,correct,none,32,0
191,train_0191_V018_6_3,V018_6_3,V018,ADD_WATER,5,6,correct,none,32,0
192,train_0192_V018_6_4,V018_6_4,V018,ADD_WATER,5,6,correct,none,32,0
193,train_0193_V020_1_0,V020_1_0,V020,RETRIEVE_COTTON,0,1,correct,none,25,7
194,train_0194_V020_2_0,V020_2_0,V020,PLACE_COTTON,1,2,correct,none,25,7
195,train_0195_V020_3_0,V020_3_0,V020,HANDLE_SEEDS,2,3,correct,none,25,7
196,train_0196_V020_4_0,V020_4_0,V020,PLACE_SEEDS,3,4,correct,none,32,0
197,train_0197_V020_4_1,V020_4_1,V020,PLACE_SEEDS,3,4,correct,none,32,0
198,train_0198_V020_5_0,V020_5_0,V020,TAKE_DROPPER,4,5,correct,none,32,0
199,train_0199_V020_6_0,V020_6_0,V020,ADD_WATER,5,6,correct,none,32,0
200,train_0200_V020_6_1,V020_6_1,V020,ADD_WATER,5,6,correct,none,32,0
201,train_0201_V020_6_2,V020_6_2,V020,ADD_WATER,5,6,correct,none,32,0
202,train_0202_V020_6_3,V020_6_3,V020,ADD_WATER,5,6,correct,none,32,0
203,train_0203_V020_6_4,V020_6_4,V020,ADD_WATER,5,6,correct,none,32,0
204,train_0204_V020_6_5,V020_6_5,V020,ADD_WATER,5,6,correct,none,32,0
205,train_0205_V020_6_6,V020_6_6,V020,ADD_WATER,5,6,correct,none,32,0
206,train_0206_V020_6_7,V020_6_7,V020,ADD_WATER,5,6,correct,none,32,0
207,train_0207_V020_6_8,V020_6_8,V020,ADD_WATER,5,6,correct,none,32,0
208,train_0208_V020_6_9,V020_6_9,V020,ADD_WATER,5,6,correct,none,32,0
209,train_0209_V020_6_10,V020_6_10,V020,ADD_WATER,5,6,correct,none,32,0
210,train_0210_V021_1_0,V021_1_0,V021,RETRIEVE_COTTON,0,1,correct,none,10,22
211,train_0211_V021_2_0,V021_2_0,V021,PLACE_COTTON,1,2,correct,none,22,10
212,train_0212_V021_3_0,V021_3_0,V021,HANDLE_SEEDS,2,3,correct,none,32,0
213,train_0213_V021_4_0,V021_4_0,V021,PLACE_SEEDS,3,4,correct,none,31,1
214,train_0214_V021_5_0,V021_5_0,V021,TAKE_DROPPER,4,5,correct,none,28,4
215,train_0215_V021_6_0,V021_6_0,V021,ADD_WATER,5,6,correct,none,32,0
216,train_0216_V021_6_1,V021_6_1,V021,ADD_WATER,5,6,correct,none,32,0
217,train_0217_V021_6_2,V021_6_2,V021,ADD_WATER,5,6,correct,none,32,0
218,train_0218_V021_6_3,V021_6_3,V021,ADD_WATER,5,6,correct,none,32,0
219,train_0219_V021_6_4,V021_6_4,V021,ADD_WATER,5,6,correct,none,32,0
220,train_0220_V021_6_5,V021_6_5,V021,ADD_WATER,5,6,correct,none,32,0
221,train_0221_V022_1_0,V022_1_0,V022,RETRIEVE_COTTON,0,1,correct,none,10,22
222,train_0222_V022_2_0,V022_2_0,V022,PLACE_COTTON,1,2,correct,none,31,1
223,train_0223_V022_3_0,V022_3_0,V022,HANDLE_SEEDS,2,3,correct,none,25,7
224,train_0224_V022_4_0,V022_4_0,V022,PLACE_SEEDS,3,4,correct,none,32,0
225,train_0225_V022_4_1,V022_4_1,V022,PLACE_SEEDS,3,4,correct,none,32,0
226,train_0226_V022_5_0,V022_5_0,V022,TAKE_DROPPER,4,5,correct,none,28,4
227,train_0227_V022_6_0,V022_6_0,V022,ADD_WATER,5,6,correct,none,32,0
228,train_0228_V022_6_1,V022_6_1,V022,ADD_WATER,5,6,correct,none,32,0
229,train_0229_V022_6_2,V022_6_2,V022,ADD_WATER,5,6,correct,none,32,0
230,train_0230_V022_6_3,V022_6_3,V022,ADD_WATER,5,6,correct,none,32,0
231,train_0231_V022_6_4,V022_6_4,V022,ADD_WATER,5,6,correct,none,32,0
232,train_0232_V022_6_5,V022_6_5,V022,ADD_WATER,5,6,correct,none,32,0
233,train_0233_V022_6_6,V022_6_6,V022,ADD_WATER,5,6,correct,none,32,0
234,train_0234_V022_6_7,V022_6_7,V022,ADD_WATER,5,6,correct,none,32,0
235,train_0235_V022_6_8,V022_6_8,V022,ADD_WATER,5,6,correct,none,32,0
236,train_0236_V024_1_0,V024_1_0,V024,RETRIEVE_COTTON,0,1,correct,none,7,25
237,train_0237_V024_2_0,V024_2_0,V024,PLACE_COTTON,1,2,correct,none,31,1
238,train_0238_V024_3_0,V024_3_0,V024,HANDLE_SEEDS,2,3,correct,none,28,4
239,train_0239_V024_4_0,V024_4_0,V024,PLACE_SEEDS,3,4,correct,none,28,4
240,train_0240_V024_5_0,V024_5_0,V024,TAKE_DROPPER,4,5,correct,none,31,1
241,train_0241_V024_6_0,V024_6_0,V024,ADD_WATER,5,6,correct,none,32,0
242,train_0242_V024_6_1,V024_6_1,V024,ADD_WATER,5,6,correct,none,32,0
243,train_0243_V024_6_2,V024_6_2,V024,ADD_WATER,5,6,correct,none,32,0
244,train_0244_V024_6_3,V024_6_3,V024,ADD_WATER,5,6,correct,none,32,0
245,train_0245_V024_6_4,V024_6_4,V024,ADD_WATER,5,6,correct,none,32,0
246,train_0246_V024_6_5,V024_6_5,V024,ADD_WATER,5,6,correct,none,32,0
247,train_0247_V024_6_6,V024_6_6,V024,ADD_WATER,5,6,correct,none,32,0
248,train_0248_V024_6_7,V024_6_7,V024,ADD_WATER,5,6,correct,none,32,0
249,train_0249_V026_1_0,V026_1_0,V026,RETRIEVE_COTTON,0,1,correct,none,19,13
250,train_0250_V026_2_0,V026_2_0,V026,PLACE_COTTON,1,2,correct,none,25,7
251,train_0251_V026_3_0,V026_3_0,V026,HANDLE_SEEDS,2,3,correct,none,32,0
252,train_0252_V026_3_1,V026_3_1,V026,HANDLE_SEEDS,2,3,correct,none,32,0
253,train_0253_V026_4_0,V026_4_0,V026,PLACE_SEEDS,3,4,correct,none,32,0
254,train_0254_V026_4_1,V026_4_1,V026,PLACE_SEEDS,3,4,correct,none,32,0
255,train_0255_V026_5_0,V026_5_0,V026,TAKE_DROPPER,4,5,correct,none,32,0
256,train_0256_V026_5_1,V026_5_1,V026,TAKE_DROPPER,4,5,correct,none,32,0
257,train_0257_V026_5_2,V026_5_2,V026,TAKE_DROPPER,4,5,correct,none,32,0
258,train_0258_V026_5_3,V026_5_3,V026,TAKE_DROPPER,4,5,correct,none,32,0
259,train_0259_V026_6_0,V026_6_0,V026,ADD_WATER,5,6,correct,none,32,0
260,train_0260_V026_6_1,V026_6_1,V026,ADD_WATER,5,6,correct,none,32,0
261,train_0261_V026_6_2,V026_6_2,V026,ADD_WATER,5,6,correct,none,32,0
262,train_0262_V026_6_3,V026_6_3,V026,ADD_WATER,5,6,correct,none,32,0
263,train_0263_V028_1_0,V028_1_0,V028,RETRIEVE_COTTON,0,1,correct,none,32,0
264,train_0264_V028_2_0,V028_2_0,V028,PLACE_COTTON,1,2,correct,none,25,7
265,train_0265_V028_3_0,V028_3_0,V028,HANDLE_SEEDS,2,3,correct,none,32,0
266,train_0266_V028_4_0,V028_4_0,V028,PLACE_SEEDS,3,4,correct,none,25,7
267,train_0267_V028_5_0,V028_5_0,V028,TAKE_DROPPER,4,5,correct,none,32,0
268,train_0268_V028_5_1,V028_5_1,V028,TAKE_DROPPER,4,5,correct,none,32,0
269,train_0269_V028_5_2,V028_5_2,V028,TAKE_DROPPER,4,5,correct,none,32,0
270,train_0270_V028_5_3,V028_5_3,V028,TAKE_DROPPER,4,5,correct,none,32,0
271,train_0271_V028_5_4,V028_5_4,V028,TAKE_DROPPER,4,5,correct,none,32,0
272,train_0272_V028_5_5,V028_5_5,V028,TAKE_DROPPER,4,5,correct,none,32,0
273,train_0273_V028_6_0,V028_6_0,V028,ADD_WATER,5,6,correct,none,32,0
274,train_0274_V028_6_1,V028_6_1,V028,ADD_WATER,5,6,correct,none,32,0
275,train_0275_V029_1_0,V029_1_0,V029,RETRIEVE_COTTON,0,1,correct,none,22,10
276,train_0276_V029_2_0,V029_2_0,V029,PLACE_COTTON,1,2,correct,none,15,17
277,train_0277_V029_3_0,V029_3_0,V029,HANDLE_SEEDS,2,3,correct,none,26,6
278,train_0278_V029_3_0,V029_3_0,V029,HANDLE_SEEDS,2,3,correct,none,13,19
279,train_0279_V029_4_0,V029_4_0,V029,PLACE_SEEDS,3,4,correct,none,28,4
280,train_0280_V029_4_0,V029_4_0,V029,PLACE_SEEDS,3,4,correct,none,32,0
281,train_0281_V029_5_0,V029_5_0,V029,TAKE_DROPPER,4,5,correct,none,32,0
282,train_0282_V029_5_1,V029_5_1,V029,TAKE_DROPPER,4,5,correct,none,32,0
283,train_0283_V029_6_0,V029_6_0,V029,ADD_WATER,5,6,correct,none,32,0
284,train_0284_V029_6_1,V029_6_1,V029,ADD_WATER,5,6,correct,none,32,0
285,train_0285_V029_6_2,V029_6_2,V029,ADD_WATER,5,6,correct,none,32,0
286,train_0286_V030_1_0,V030_1_0,V030,RETRIEVE_COTTON,0,1,correct,none,28,4
287,train_0287_V030_2_0,V030_2_0,V030,PLACE_COTTON,1,2,correct,none,28,4
288,train_0288_V030_3_0,V030_3_0,V030,HANDLE_SEEDS,2,3,correct,none,32,0
289,train_0289_V030_3_1,V030_3_1,V030,HANDLE_SEEDS,2,3,correct,none,32,0
290,train_0290_V030_4_0,V030_4_0,V030,PLACE_SEEDS,3,4,correct,none,32,0
291,train_0291_V030_4_1,V030_4_1,V030,PLACE_SEEDS,3,4,correct,none,32,0
292,train_0292_V030_4_2,V030_4_2,V030,PLACE_SEEDS,3,4,correct,none,32,0
293,train_0293_V030_4_3,V030_4_3,V030,PLACE_SEEDS,3,4,correct,none,32,0
294,train_0294_V030_5_0,V030_5_0,V030,TAKE_DROPPER,4,5,correct,none,32,0
295,train_0295_V030_5_1,V030_5_1,V030,TAKE_DROPPER,4,5,correct,none,32,0
296,train_0296_V030_5_2,V030_5_2,V030,TAKE_DROPPER,4,5,correct,none,32,0
297,train_0297_V030_5_3,V030_5_3,V030,TAKE_DROPPER,4,5,correct,none,32,0
298,train_0298_V030_5_4,V030_5_4,V030,TAKE_DROPPER,4,5,correct,none,32,0
299,train_0299_V030_5_5,V030_5_5,V030,TAKE_DROPPER,4,5,correct,none,32,0
300,train_0300_V030_5_6,V030_5_6,V030,TAKE_DROPPER,4,5,correct,none,32,0
301,train_0301_V030_5_7,V030_5_7,V030,TAKE_DROPPER,4,5,correct,none,32,0
302,train_0302_V030_5_8,V030_5_8,V030,TAKE_DROPPER,4,5,correct,none,32,0
303,train_0303_V030_5_9,V030_5_9,V030,TAKE_DROPPER,4,5,correct,none,32,0
304,train_0304_V030_5_10,V030_5_10,V030,TAKE_DROPPER,4,5,correct,none,32,0
305,train_0305_V030_5_11,V030_5_11,V030,TAKE_DROPPER,4,5,correct,none,32,0
306,train_0306_V030_5_12,V030_5_12,V030,TAKE_DROPPER,4,5,correct,none,32,0
307,train_0307_V030_6_0,V030_6_0,V030,ADD_WATER,5,6,correct,none,32,0
308,train_0308_V030_6_1,V030_6_1,V030,ADD_WATER,5,6,correct,none,32,0
309,train_0309_V030_6_2,V030_6_2,V030,ADD_WATER,5,6,correct,none,32,0
310,train_0310_V030_6_3,V030_6_3,V030,ADD_WATER,5,6,correct,none,32,0
311,train_0311_V030_6_4,V030_6_4,V030,ADD_WATER,5,6,correct,none,32,0
312,train_0312_V030_6_5,V030_6_5,V030,ADD_WATER,5,6,correct,none,32,0
313,train_0313_V030_6_6,V030_6_6,V030,ADD_WATER,5,6,correct,none,32,0
314,train_0314_V030_6_7,V030_6_7,V030,ADD_WATER,5,6,correct,none,32,0
315,train_0315_V030_6_8,V030_6_8,V030,ADD_WATER,5,6,correct,none,32,0
316,train_0316_V030_6_9,V030_6_9,V030,ADD_WATER,5,6,correct,none,32,0
317,train_0317_V030_6_10,V030_6_10,V030,ADD_WATER,5,6,correct,none,32,0
318,train_0318_V030_6_11,V030_6_11,V030,ADD_WATER,5,6,correct,none,32,0
319,train_0319_V030_6_12,V030_6_12,V030,ADD_WATER,5,6,correct,none,32,0
320,train_0320_V030_6_13,V030_6_13,V030,ADD_WATER,5,6,correct,none,32,0
321,train_0321_V030_6_14,V030_6_14,V030,ADD_WATER,5,6,correct,none,32,0
322,train_0322_V033_1_0,V033_1_0,V033,RETRIEVE_COTTON,0,1,correct,none,19,13
323,train_0323_V033_2_0,V033_2_0,V033,PLACE_COTTON,1,2,correct,none,28,4
324,train_0324_V033_3_0,V033_3_0,V033,HANDLE_SEEDS,2,3,correct,none,32,0
325,train_0325_V033_3_1,V033_3_1,V033,HANDLE_SEEDS,2,3,correct,none,32,0
326,train_0326_V033_4_0,V033_4_0,V033,PLACE_SEEDS,3,4,correct,none,32,0
327,train_0327_V033_4_1,V033_4_1,V033,PLACE_SEEDS,3,4,correct,none,32,0
328,train_0328_V033_4_2,V033_4_2,V033,PLACE_SEEDS,3,4,correct,none,32,0
329,train_0329_V033_4_3,V033_4_3,V033,PLACE_SEEDS,3,4,correct,none,32,0
330,train_0330_V033_4_4,V033_4_4,V033,PLACE_SEEDS,3,4,correct,none,32,0
331,train_0331_V033_4_5,V033_4_5,V033,PLACE_SEEDS,3,4,correct,none,32,0
332,train_0332_V033_4_6,V033_4_6,V033,PLACE_SEEDS,3,4,correct,none,32,0
333,train_0333_V033_4_7,V033_4_7,V033,PLACE_SEEDS,3,4,correct,none,32,0
334,train_0334_V033_5_0,V033_5_0,V033,TAKE_DROPPER,4,5,correct,none,32,0
335,train_0335_V033_5_1,V033_5_1,V033,TAKE_DROPPER,4,5,correct,none,32,0
336,train_0336_V033_5_2,V033_5_2,V033,TAKE_DROPPER,4,5,correct,none,32,0
337,train_0337_V033_5_3,V033_5_3,V033,TAKE_DROPPER,4,5,correct,none,32,0
338,train_0338_V033_5_4,V033_5_4,V033,TAKE_DROPPER,4,5,correct,none,32,0
339,train_0339_V033_5_5,V033_5_5,V033,TAKE_DROPPER,4,5,correct,none,32,0
340,train_0340_V033_5_6,V033_5_6,V033,TAKE_DROPPER,4,5,correct,none,32,0
341,train_0341_V033_5_7,V033_5_7,V033,TAKE_DROPPER,4,5,correct,none,32,0
342,train_0342_V033_5_8,V033_5_8,V033,TAKE_DROPPER,4,5,correct,none,32,0
343,train_0343_V033_5_9,V033_5_9,V033,TAKE_DROPPER,4,5,correct,none,32,0
344,train_0344_V033_5_10,V033_5_10,V033,TAKE_DROPPER,4,5,correct,none,32,0
345,train_0345_V033_5_11,V033_5_11,V033,TAKE_DROPPER,4,5,correct,none,32,0
346,train_0346_V033_6_0,V033_6_0,V033,ADD_WATER,5,6,correct,none,32,0
347,train_0347_V033_6_1,V033_6_1,V033,ADD_WATER,5,6,correct,none,32,0
348,train_0348_V033_6_2,V033_6_2,V033,ADD_WATER,5,6,correct,none,32,0
349,train_0349_V033_6_3,V033_6_3,V033,ADD_WATER,5,6,correct,none,32,0
350,train_0350_V033_6_4,V033_6_4,V033,ADD_WATER,5,6,correct,none,32,0
351,train_0351_V033_6_5,V033_6_5,V033,ADD_WATER,5,6,correct,none,32,0
352,train_0352_V033_6_6,V033_6_6,V033,ADD_WATER,5,6,correct,none,32,0
353,train_0353_V033_6_7,V033_6_7,V033,ADD_WATER,5,6,correct,none,32,0
354,train_0354_V033_6_8,V033_6_8,V033,ADD_WATER,5,6,correct,none,32,0
355,train_0355_V034_1_0,V034_1_0,V034,RETRIEVE_COTTON,0,1,correct,none,32,0
356,train_0356_V034_2_0,V034_2_0,V034,PLACE_COTTON,1,2,correct,none,31,1
357,train_0357_V034_3_0,V034_3_0,V034,HANDLE_SEEDS,2,3,correct,none,32,0
358,train_0358_V034_4_0,V034_4_0,V034,PLACE_SEEDS,3,4,correct,none,32,0
359,train_0359_V034_4_1,V034_4_1,V034,PLACE_SEEDS,3,4,correct,none,32,0
360,train_0360_V034_5_0,V034_5_0,V034,TAKE_DROPPER,4,5,correct,none,32,0
361,train_0361_V034_5_1,V034_5_1,V034,TAKE_DROPPER,4,5,correct,none,32,0
362,train_0362_V034_5_2,V034_5_2,V034,TAKE_DROPPER,4,5,correct,none,32,0
363,train_0363_V034_5_3,V034_5_3,V034,TAKE_DROPPER,4,5,correct,none,32,0
364,train_0364_V034_5_4,V034_5_4,V034,TAKE_DROPPER,4,5,correct,none,32,0
365,train_0365_V034_5_5,V034_5_5,V034,TAKE_DROPPER,4,5,correct,none,32,0
366,train_0366_V034_5_6,V034_5_6,V034,TAKE_DROPPER,4,5,correct,none,32,0
367,train_0367_V034_5_7,V034_5_7,V034,TAKE_DROPPER,4,5,correct,none,32,0
368,train_0368_V034_5_8,V034_5_8,V034,TAKE_DROPPER,4,5,correct,none,32,0
369,train_0369_V034_6_0,V034_6_0,V034,ADD_WATER,5,6,correct,none,32,0
370,train_0370_V034_6_1,V034_6_1,V034,ADD_WATER,5,6,correct,none,32,0
371,train_0371_V034_6_2,V034_6_2,V034,ADD_WATER,5,6,correct,none,32,0
372,train_0372_V034_6_3,V034_6_3,V034,ADD_WATER,5,6,correct,none,32,0
373,train_0373_V034_6_4,V034_6_4,V034,ADD_WATER,5,6,correct,none,32,0
374,train_0374_V034_6_5,V034_6_5,V034,ADD_WATER,5,6,correct,none,32,0
375,train_0375_V034_6_6,V034_6_6,V034,ADD_WATER,5,6,correct,none,32,0
376,train_0376_V034_6_7,V034_6_7,V034,ADD_WATER,5,6,correct,none,32,0
377,train_0377_V034_6_8,V034_6_8,V034,ADD_WATER,5,6,correct,none,32,0
378,train_0378_V034_6_9,V034_6_9,V034,ADD_WATER,5,6,correct,none,32,0
379,train_0379_V034_6_10,V034_6_10,V034,ADD_WATER,5,6,correct,none,32,0
380,train_0380_V034_6_11,V034_6_11,V034,ADD_WATER,5,6,correct,none,32,0
381,train_0381_V034_6_12,V034_6_12,V034,ADD_WATER,5,6,correct,none,32,0
382,train_0382_V034_6_13,V034_6_13,V034,ADD_WATER,5,6,correct,none,32,0
383,train_0383_V034_6_14,V034_6_14,V034,ADD_WATER,5,6,correct,none,32,0
384,train_0384_V034_6_15,V034_6_15,V034,ADD_WATER,5,6,correct,none,32,0
385,train_0385_V035_1_0,V035_1_0,V035,RETRIEVE_COTTON,0,1,correct,none,28,4
386,train_0386_V035_2_0,V035_2_0,V035,PLACE_COTTON,1,2,correct,none,32,0
387,train_0387_V035_3_0,V035_3_0,V035,HANDLE_SEEDS,2,3,correct,none,28,4
388,train_0388_V035_4_0,V035_4_0,V035,PLACE_SEEDS,3,4,correct,none,32,0
389,train_0389_V035_5_0,V035_5_0,V035,TAKE_DROPPER,4,5,correct,none,32,0
390,train_0390_V035_5_1,V035_5_1,V035,TAKE_DROPPER,4,5,correct,none,32,0
391,train_0391_V035_5_2,V035_5_2,V035,TAKE_DROPPER,4,5,correct,none,32,0
392,train_0392_V035_5_3,V035_5_3,V035,TAKE_DROPPER,4,5,correct,none,32,0
393,train_0393_V035_5_4,V035_5_4,V035,TAKE_DROPPER,4,5,correct,none,32,0
394,train_0394_V035_5_5,V035_5_5,V035,TAKE_DROPPER,4,5,correct,none,32,0
395,train_0395_V035_5_6,V035_5_6,V035,TAKE_DROPPER,4,5,correct,none,32,0
396,train_0396_V035_6_0,V035_6_0,V035,ADD_WATER,5,6,correct,none,32,0
397,train_0397_V035_6_1,V035_6_1,V035,ADD_WATER,5,6,correct,none,32,0
398,train_0398_V035_6_2,V035_6_2,V035,ADD_WATER,5,6,correct,none,32,0
399,train_0399_V035_6_3,V035_6_3,V035,ADD_WATER,5,6,correct,none,32,0
400,train_0400_V035_6_4,V035_6_4,V035,ADD_WATER,5,6,correct,none,32,0
401,train_0401_V035_6_5,V035_6_5,V035,ADD_WATER,5,6,correct,none,32,0
402,train_0402_V035_6_6,V035_6_6,V035,ADD_WATER,5,6,correct,none,32,0
403,train_0403_V036_1_0,V036_1_0,V036,RETRIEVE_COTTON,0,1,correct,none,25,7
404,train_0404_V036_2_0,V036_2_0,V036,PLACE_COTTON,1,2,correct,none,13,19
405,train_0405_V036_3_0,V036_3_0,V036,HANDLE_SEEDS,2,3,correct,none,22,10
406,train_0406_V036_4_0,V036_4_0,V036,PLACE_SEEDS,3,4,correct,none,25,7
407,train_0407_V036_5_0,V036_5_0,V036,TAKE_DROPPER,4,5,correct,none,32,0
408,train_0408_V036_5_1,V036_5_1,V036,TAKE_DROPPER,4,5,correct,none,32,0
409,train_0409_V036_5_2,V036_5_2,V036,TAKE_DROPPER,4,5,correct,none,32,0
410,train_0410_V036_5_3,V036_5_3,V036,TAKE_DROPPER,4,5,correct,none,32,0
411,train_0411_V036_5_4,V036_5_4,V036,TAKE_DROPPER,4,5,correct,none,32,0
412,train_0412_V036_5_5,V036_5_5,V036,TAKE_DROPPER,4,5,correct,none,32,0
413,train_0413_V036_5_6,V036_5_6,V036,TAKE_DROPPER,4,5,correct,none,32,0
414,train_0414_V036_5_7,V036_5_7,V036,TAKE_DROPPER,4,5,correct,none,32,0
415,train_0415_V036_5_8,V036_5_8,V036,TAKE_DROPPER,4,5,correct,none,32,0
416,train_0416_V036_5_9,V036_5_9,V036,TAKE_DROPPER,4,5,correct,none,32,0
417,train_0417_V036_5_10,V036_5_10,V036,TAKE_DROPPER,4,5,correct,none,32,0
418,train_0418_V036_5_11,V036_5_11,V036,TAKE_DROPPER,4,5,correct,none,32,0
419,train_0419_V036_5_12,V036_5_12,V036,TAKE_DROPPER,4,5,correct,none,32,0
420,train_0420_V036_5_13,V036_5_13,V036,TAKE_DROPPER,4,5,correct,none,32,0
421,train_0421_V036_6_0,V036_6_0,V036,ADD_WATER,5,6,correct,none,32,0
422,train_0422_V036_6_1,V036_6_1,V036,ADD_WATER,5,6,correct,none,32,0
423,train_0423_V036_6_2,V036_6_2,V036,ADD_WATER,5,6,correct,none,32,0
424,train_0424_V036_6_3,V036_6_3,V036,ADD_WATER,5,6,correct,none,32,0
425,train_0425_V036_6_4,V036_6_4,V036,ADD_WATER,5,6,correct,none,32,0
426,train_0426_V036_6_5,V036_6_5,V036,ADD_WATER,5,6,correct,none,32,0
427,train_0427_V036_6_6,V036_6_6,V036,ADD_WATER,5,6,correct,none,32,0
428,train_0428_V036_6_7,V036_6_7,V036,ADD_WATER,5,6,correct,none,32,0
429,train_0429_V036_6_8,V036_6_8,V036,ADD_WATER,5,6,correct,none,32,0
430,train_0430_V038_1_0,V038_1_0,V038,RETRIEVE_COTTON,0,1,correct,orientation,31,1
431,train_0431_V038_2_0,V038_2_0,V038,PLACE_COTTON,1,2,correct,orientation,11,21
432,train_0432_V038_3_0,V038_3_0,V038,HANDLE_SEEDS,2,3,correct,orientation,32,0
433,train_0433_V038_3_1,V038_3_1,V038,HANDLE_SEEDS,2,3,correct,orientation,32,0
434,train_0434_V038_3_2,V038_3_2,V038,HANDLE_SEEDS,2,3,correct,orientation,32,0
435,train_0435_V038_3_3,V038_3_3,V038,HANDLE_SEEDS,2,3,correct,orientation,32,0
436,train_0436_V038_3_4,V038_3_4,V038,HANDLE_SEEDS,2,3,correct,orientation,32,0
437,train_0437_V038_3_5,V038_3_5,V038,HANDLE_SEEDS,2,3,correct,orientation,32,0
438,train_0438_V038_3_6,V038_3_6,V038,HANDLE_SEEDS,2,3,correct,orientation,32,0
439,train_0439_V038_3_7,V038_3_7,V038,HANDLE_SEEDS,2,3,correct,orientation,32,0
440,train_0440_V038_3_8,V038_3_8,V038,HANDLE_SEEDS,2,3,correct,orientation,32,0
441,train_0441_V038_4_0,V038_4_0,V038,PLACE_SEEDS,3,4,correct,orientation,32,0
442,train_0442_V038_4_1,V038_4_1,V038,PLACE_SEEDS,3,4,correct,orientation,32,0
443,train_0443_V038_5_0,V038_5_0,V038,TAKE_DROPPER,4,5,correct,orientation,32,0
444,train_0444_V038_6_0,V038_6_0,V038,ADD_WATER,5,6,correct,orientation,32,0
445,train_0445_V039_1_0,V039_1_0,V039,RETRIEVE_COTTON,0,1,correct,orientation,25,7
446,train_0446_V039_2_0,V039_2_0,V039,PLACE_COTTON,1,2,correct,orientation,28,4
447,train_0447_V039_3_0,V039_3_0,V039,HANDLE_SEEDS,2,3,correct,orientation,32,0
448,train_0448_V039_3_1,V039_3_1,V039,HANDLE_SEEDS,2,3,correct,orientation,32,0
449,train_0449_V039_4_0,V039_4_0,V039,PLACE_SEEDS,3,4,correct,orientation,32,0
450,train_0450_V039_4_1,V039_4_1,V039,PLACE_SEEDS,3,4,correct,orientation,32,0
451,train_0451_V039_5_0,V039_5_0,V039,TAKE_DROPPER,4,5,correct,orientation,32,0
452,train_0452_V039_5_1,V039_5_1,V039,TAKE_DROPPER,4,5,correct,orientation,32,0
453,train_0453_V039_5_2,V039_5_2,V039,TAKE_DROPPER,4,5,correct,orientation,32,0
454,train_0454_V039_5_3,V039_5_3,V039,TAKE_DROPPER,4,5,correct,orientation,32,0
455,train_0455_V039_5_4,V039_5_4,V039,TAKE_DROPPER,4,5,correct,orientation,32,0
456,train_0456_V039_5_5,V039_5_5,V039,TAKE_DROPPER,4,5,correct,orientation,32,0
457,train_0457_V039_5_6,V039_5_6,V039,TAKE_DROPPER,4,5,correct,orientation,32,0
458,train_0458_V039_5_7,V039_5_7,V039,TAKE_DROPPER,4,5,correct,orientation,32,0
459,train_0459_V039_5_8,V039_5_8,V039,TAKE_DROPPER,4,5,correct,orientation,32,0
460,train_0460_V039_5_9,V039_5_9,V039,TAKE_DROPPER,4,5,correct,orientation,32,0
461,train_0461_V039_5_10,V039_5_10,V039,TAKE_DROPPER,4,5,correct,orientation,32,0
462,train_0462_V039_6_0,V039_6_0,V039,ADD_WATER,5,6,correct,orientation,32,0
463,train_0463_V040_1_0,V040_1_0,V040,RETRIEVE_COTTON,0,1,correct,orientation,16,16
464,train_0464_V040_2_0,V040_2_0,V040,PLACE_COTTON,1,2,correct,orientation,13,19
465,train_0465_V040_3_0,V040_3_0,V040,HANDLE_SEEDS,2,3,correct,orientation,32,0
466,train_0466_V040_3_1,V040_3_1,V040,HANDLE_SEEDS,2,3,correct,orientation,32,0
467,train_0467_V040_3_2,V040_3_2,V040,HANDLE_SEEDS,2,3,correct,orientation,32,0
468,train_0468_V040_4_0,V040_4_0,V040,PLACE_SEEDS,3,4,correct,orientation,28,4
469,train_0469_V040_5_0,V040_5_0,V040,TAKE_DROPPER,4,5,correct,orientation,32,0
470,train_0470_V040_5_1,V040_5_1,V040,TAKE_DROPPER,4,5,correct,orientation,32,0
471,train_0471_V040_5_2,V040_5_2,V040,TAKE_DROPPER,4,5,correct,orientation,32,0
472,train_0472_V040_5_3,V040_5_3,V040,TAKE_DROPPER,4,5,correct,orientation,32,0
473,train_0473_V040_5_4,V040_5_4,V040,TAKE_DROPPER,4,5,correct,orientation,32,0
474,train_0474_V040_5_5,V040_5_5,V040,TAKE_DROPPER,4,5,correct,orientation,32,0
475,train_0475_V040_5_6,V040_5_6,V040,TAKE_DROPPER,4,5,correct,orientation,32,0
476,train_0476_V040_6_0,V040_6_0,V040,ADD_WATER,5,6,correct,orientation,31,1
477,train_0477_V042_1_0,V042_1_0,V042,RETRIEVE_COTTON,0,1,correct,orientation,25,7
478,train_0478_V042_2_0,V042_2_0,V042,PLACE_COTTON,1,2,correct,orientation,16,16
479,train_0479_V042_3_0,V042_3_0,V042,HANDLE_SEEDS,2,3,correct,orientation,32,0
480,train_0480_V042_3_1,V042_3_1,V042,HANDLE_SEEDS,2,3,correct,orientation,32,0
481,train_0481_V042_4_0,V042_4_0,V042,PLACE_SEEDS,3,4,correct,orientation,22,10
482,train_0482_V042_5_0,V042_5_0,V042,TAKE_DROPPER,4,5,correct,orientation,32,0
483,train_0483_V042_5_1,V042_5_1,V042,TAKE_DROPPER,4,5,correct,orientation,32,0
484,train_0484_V042_5_2,V042_5_2,V042,TAKE_DROPPER,4,5,correct,orientation,32,0
485,train_0485_V042_5_3,V042_5_3,V042,TAKE_DROPPER,4,5,correct,orientation,32,0
486,train_0486_V042_6_0,V042_6_0,V042,ADD_WATER,5,6,correct,orientation,32,0
487,train_0487_V042_6_1,V042_6_1,V042,ADD_WATER,5,6,correct,orientation,32,0
488,train_0488_V044_1_0,V044_1_0,V044,RETRIEVE_COTTON,0,1,correct,orientation,16,16
489,train_0489_V044_2_0,V044_2_0,V044,PLACE_COTTON,1,2,correct,orientation,25,7
490,train_0490_V044_3_0,V044_3_0,V044,HANDLE_SEEDS,2,3,correct,orientation,25,7
491,train_0491_V044_4_0,V044_4_0,V044,PLACE_SEEDS,3,4,correct,orientation,32,0
492,train_0492_V044_4_1,V044_4_1,V044,PLACE_SEEDS,3,4,correct,orientation,32,0
493,train_0493_V044_4_2,V044_4_2,V044,PLACE_SEEDS,3,4,correct,orientation,32,0
494,train_0494_V044_4_3,V044_4_3,V044,PLACE_SEEDS,3,4,correct,orientation,32,0
495,train_0495_V044_4_4,V044_4_4,V044,PLACE_SEEDS,3,4,correct,orientation,32,0
496,train_0496_V044_4_5,V044_4_5,V044,PLACE_SEEDS,3,4,correct,orientation,32,0
497,train_0497_V044_5_0,V044_5_0,V044,TAKE_DROPPER,4,5,correct,orientation,32,0
498,train_0498_V044_5_1,V044_5_1,V044,TAKE_DROPPER,4,5,correct,orientation,32,0
499,train_0499_V044_5_2,V044_5_2,V044,TAKE_DROPPER,4,5,correct,orientation,32,0
500,train_0500_V044_6_0,V044_6_0,V044,ADD_WATER,5,6,correct,orientation,32,0
501,train_0501_V044_6_1,V044_6_1,V044,ADD_WATER,5,6,correct,orientation,32,0
502,train_0502_V046_1_0,V046_1_0,V046,RETRIEVE_COTTON,0,1,correct,orientation,22,10
503,train_0503_V046_2_0,V046_2_0,V046,PLACE_COTTON,1,2,correct,orientation,25,7
504,train_0504_V046_3_0,V046_3_0,V046,HANDLE_SEEDS,2,3,correct,orientation,22,10
505,train_0505_V046_4_0,V046_4_0,V046,PLACE_SEEDS,3,4,correct,orientation,32,0
506,train_0506_V046_5_0,V046_5_0,V046,TAKE_DROPPER,4,5,correct,orientation,32,0
507,train_0507_V046_5_1,V046_5_1,V046,TAKE_DROPPER,4,5,correct,orientation,32,0
508,train_0508_V046_5_2,V046_5_2,V046,TAKE_DROPPER,4,5,correct,orientation,32,0
509,train_0509_V046_5_3,V046_5_3,V046,TAKE_DROPPER,4,5,correct,orientation,32,0
510,train_0510_V046_5_4,V046_5_4,V046,TAKE_DROPPER,4,5,correct,orientation,32,0
511,train_0511_V046_6_0,V046_6_0,V046,ADD_WATER,5,6,correct,orientation,32,0
512,train_0512_V046_6_1,V046_6_1,V046,ADD_WATER,5,6,correct,orientation,32,0
513,train_0513_V046_6_2,V046_6_2,V046,ADD_WATER,5,6,correct,orientation,32,0
514,train_0514_V046_6_3,V046_6_3,V046,ADD_WATER,5,6,correct,orientation,32,0
515,train_0515_V047_1_0,V047_1_0,V047,RETRIEVE_COTTON,0,1,correct,orientation,22,10
516,train_0516_V047_2_0,V047_2_0,V047,PLACE_COTTON,1,2,correct,orientation,16,16
517,train_0517_V047_3_0,V047_3_0,V047,HANDLE_SEEDS,2,3,correct,orientation,32,0
518,train_0518_V047_3_1,V047_3_1,V047,HANDLE_SEEDS,2,3,correct,orientation,32,0
519,train_0519_V047_3_2,V047_3_2,V047,HANDLE_SEEDS,2,3,correct,orientation,32,0
520,train_0520_V047_3_3,V047_3_3,V047,HANDLE_SEEDS,2,3,correct,orientation,32,0
521,train_0521_V047_3_4,V047_3_4,V047,HANDLE_SEEDS,2,3,correct,orientation,32,0
522,train_0522_V047_3_5,V047_3_5,V047,HANDLE_SEEDS,2,3,correct,orientation,32,0
523,train_0523_V047_4_0,V047_4_0,V047,PLACE_SEEDS,3,4,correct,orientation,32,0
524,train_0524_V047_4_1,V047_4_1,V047,PLACE_SEEDS,3,4,correct,orientation,32,0
525,train_0525_V047_4_2,V047_4_2,V047,PLACE_SEEDS,3,4,correct,orientation,32,0
526,train_0526_V047_5_0,V047_5_0,V047,TAKE_DROPPER,4,5,correct,orientation,32,0
527,train_0527_V047_5_1,V047_5_1,V047,TAKE_DROPPER,4,5,correct,orientation,32,0
528,train_0528_V047_5_2,V047_5_2,V047,TAKE_DROPPER,4,5,correct,orientation,32,0
529,train_0529_V047_5_3,V047_5_3,V047,TAKE_DROPPER,4,5,correct,orientation,32,0
530,train_0530_V047_5_4,V047_5_4,V047,TAKE_DROPPER,4,5,correct,orientation,32,0
531,train_0531_V047_5_5,V047_5_5,V047,TAKE_DROPPER,4,5,correct,orientation,32,0
532,train_0532_V047_5_6,V047_5_6,V047,TAKE_DROPPER,4,5,correct,orientation,32,0
533,train_0533_V047_5_7,V047_5_7,V047,TAKE_DROPPER,4,5,correct,orientation,32,0
534,train_0534_V047_5_8,V047_5_8,V047,TAKE_DROPPER,4,5,correct,orientation,32,0
535,train_0535_V047_5_9,V047_5_9,V047,TAKE_DROPPER,4,5,correct,orientation,32,0
536,train_0536_V047_5_10,V047_5_10,V047,TAKE_DROPPER,4,5,correct,orientation,32,0
537,train_0537_V047_6_0,V047_6_0,V047,ADD_WATER,5,6,correct,orientation,32,0
538,train_0538_V047_6_1,V047_6_1,V047,ADD_WATER,5,6,correct,orientation,32,0
539,train_0539_V047_6_2,V047_6_2,V047,ADD_WATER,5,6,correct,orientation,32,0
540,train_0540_V049_1_0,V049_1_0,V049,RETRIEVE_COTTON,0,1,correct,orientation,10,22
541,train_0541_V049_2_0,V049_2_0,V049,PLACE_COTTON,1,2,correct,orientation,22,10
542,train_0542_V049_3_0,V049_3_0,V049,HANDLE_SEEDS,2,3,correct,orientation,32,0
543,train_0543_V049_4_0,V049_4_0,V049,PLACE_SEEDS,3,4,correct,orientation,31,1
544,train_0544_V049_5_0,V049_5_0,V049,TAKE_DROPPER,4,5,correct,orientation,32,0
545,train_0545_V049_5_1,V049_5_1,V049,TAKE_DROPPER,4,5,correct,orientation,32,0
546,train_0546_V049_5_2,V049_5_2,V049,TAKE_DROPPER,4,5,correct,orientation,32,0
547,train_0547_V049_5_3,V049_5_3,V049,TAKE_DROPPER,4,5,correct,orientation,32,0
548,train_0548_V049_5_4,V049_5_4,V049,TAKE_DROPPER,4,5,correct,orientation,32,0
549,train_0549_V049_5_5,V049_5_5,V049,TAKE_DROPPER,4,5,correct,orientation,32,0
550,train_0550_V049_5_6,V049_5_6,V049,TAKE_DROPPER,4,5,correct,orientation,32,0
551,train_0551_V049_5_7,V049_5_7,V049,TAKE_DROPPER,4,5,correct,orientation,32,0
552,train_0552_V049_5_8,V049_5_8,V049,TAKE_DROPPER,4,5,correct,orientation,32,0
553,train_0553_V049_5_9,V049_5_9,V049,TAKE_DROPPER,4,5,correct,orientation,32,0
554,train_0554_V049_5_10,V049_5_10,V049,TAKE_DROPPER,4,5,correct,orientation,32,0
555,train_0555_V049_5_11,V049_5_11,V049,TAKE_DROPPER,4,5,correct,orientation,32,0
556,train_0556_V049_5_12,V049_5_12,V049,TAKE_DROPPER,4,5,correct,orientation,32,0
557,train_0557_V049_6_0,V049_6_0,V049,ADD_WATER,5,6,correct,orientation,32,0
558,train_0558_V049_6_1,V049_6_1,V049,ADD_WATER,5,6,correct,orientation,32,0
559,train_0559_V049_6_2,V049_6_2,V049,ADD_WATER,5,6,correct,orientation,32,0
560,train_0560_V049_6_3,V049_6_3,V049,ADD_WATER,5,6,correct,orientation,32,0
561,train_0561_V049_6_4,V049_6_4,V049,ADD_WATER,5,6,correct,orientation,32,0
562,train_0562_V050_1_0,V050_1_0,V050,RETRIEVE_COTTON,0,1,correct,orientation,7,25
563,train_0563_V050_2_0,V050_2_0,V050,PLACE_COTTON,1,2,correct,orientation,13,19
564,train_0564_V050_3_0,V050_3_0,V050,HANDLE_SEEDS,2,3,correct,orientation,19,13
565,train_0565_V050_4_0,V050_4_0,V050,PLACE_SEEDS,3,4,correct,orientation,22,10
566,train_0566_V050_5_0,V050_5_0,V050,TAKE_DROPPER,4,5,correct,orientation,16,16
567,train_0567_V050_6_0,V050_6_0,V050,ADD_WATER,5,6,correct,orientation,25,7
568,train_0568_V051_1_0,V051_1_0,V051,RETRIEVE_COTTON,0,1,recovery,none,32,0
569,train_0569_V051_2_0,V051_2_0,V051,PLACE_COTTON,1,2,recovery,none,32,0
570,train_0570_V051_2_1,V051_2_1,V051,PLACE_COTTON,1,2,recovery,none,32,0
571,train_0571_V051_2_2,V051_2_2,V051,PLACE_COTTON,1,2,recovery,none,32,0
572,train_0572_V051_2_3,V051_2_3,V051,PLACE_COTTON,1,2,recovery,none,32,0
573,train_0573_V051_2_4,V051_2_4,V051,PLACE_COTTON,1,2,recovery,none,32,0
574,train_0574_V051_3_0,V051_3_0,V051,HANDLE_SEEDS,2,3,recovery,none,32,0
575,train_0575_V051_3_0,V051_3_0,V051,HANDLE_SEEDS,2,3,recovery,none,32,0
576,train_0576_V051_3_1,V051_3_1,V051,HANDLE_SEEDS,2,3,recovery,none,32,0
577,train_0577_V051_3_0,V051_3_0,V051,HANDLE_SEEDS,2,3,recovery,none,31,1
578,train_0578_V051_4_0,V051_4_0,V051,PLACE_SEEDS,3,4,recovery,none,32,0
579,train_0579_V051_4_1,V051_4_1,V051,PLACE_SEEDS,3,4,recovery,none,32,0
580,train_0580_V051_5_0,V051_5_0,V051,TAKE_DROPPER,4,5,recovery,none,32,0
581,train_0581_V051_5_1,V051_5_1,V051,TAKE_DROPPER,4,5,recovery,none,32,0
582,train_0582_V051_5_2,V051_5_2,V051,TAKE_DROPPER,4,5,recovery,none,32,0
583,train_0583_V051_5_3,V051_5_3,V051,TAKE_DROPPER,4,5,recovery,none,32,0
584,train_0584_V051_6_0,V051_6_0,V051,ADD_WATER,5,6,recovery,none,32,0
585,train_0585_V051_6_1,V051_6_1,V051,ADD_WATER,5,6,recovery,none,32,0
586,train_0586_V051_6_2,V051_6_2,V051,ADD_WATER,5,6,recovery,none,32,0
587,train_0587_V051_6_3,V051_6_3,V051,ADD_WATER,5,6,recovery,none,32,0
588,train_0588_V051_6_4,V051_6_4,V051,ADD_WATER,5,6,recovery,none,32,0
589,train_0589_V051_6_5,V051_6_5,V051,ADD_WATER,5,6,recovery,none,32,0
590,train_0590_V051_6_6,V051_6_6,V051,ADD_WATER,5,6,recovery,none,32,0
591,train_0591_V052_1_0,V052_1_0,V052,RETRIEVE_COTTON,0,1,recovery,none,16,16
592,train_0592_V052_1_0,V052_1_0,V052,RETRIEVE_COTTON,0,1,recovery,none,13,19
593,train_0593_V052_2_0,V052_2_0,V052,PLACE_COTTON,1,2,recovery,none,7,25
594,train_0594_V052_2_0,V052_2_0,V052,PLACE_COTTON,1,2,recovery,none,32,0
595,train_0595_V052_2_1,V052_2_1,V052,PLACE_COTTON,1,2,recovery,none,32,0
596,train_0596_V052_2_2,V052_2_2,V052,PLACE_COTTON,1,2,recovery,none,32,0
597,train_0597_V052_2_0,V052_2_0,V052,PLACE_COTTON,1,2,recovery,none,13,19
598,train_0598_V052_3_0,V052_3_0,V052,HANDLE_SEEDS,2,3,recovery,none,19,13
599,train_0599_V052_3_0,V052_3_0,V052,HANDLE_SEEDS,2,3,recovery,none,16,16
600,train_0600_V052_4_0,V052_4_0,V052,PLACE_SEEDS,3,4,recovery,none,19,13
601,train_0601_V052_4_0,V052_4_0,V052,PLACE_SEEDS,3,4,recovery,none,32,0
602,train_0602_V052_4_1,V052_4_1,V052,PLACE_SEEDS,3,4,recovery,none,32,0
603,train_0603_V052_4_2,V052_4_2,V052,PLACE_SEEDS,3,4,recovery,none,32,0
604,train_0604_V052_4_0,V052_4_0,V052,PLACE_SEEDS,3,4,recovery,none,32,0
605,train_0605_V052_4_1,V052_4_1,V052,PLACE_SEEDS,3,4,recovery,none,32,0
606,train_0606_V052_4_0,V052_4_0,V052,PLACE_SEEDS,3,4,recovery,none,25,7
607,train_0607_V052_5_0,V052_5_0,V052,TAKE_DROPPER,4,5,recovery,none,32,0
608,train_0608_V052_5_1,V052_5_1,V052,TAKE_DROPPER,4,5,recovery,none,32,0
609,train_0609_V052_5_2,V052_5_2,V052,TAKE_DROPPER,4,5,recovery,none,32,0
610,train_0610_V052_6_0,V052_6_0,V052,ADD_WATER,5,6,recovery,none,19,13
611,train_0611_V053_1_0,V053_1_0,V053,RETRIEVE_COTTON,0,1,recovery,none,10,22
612,train_0612_V053_2_0,V053_2_0,V053,PLACE_COTTON,1,2,recovery,none,16,16
613,train_0613_V053_3_0,V053_3_0,V053,HANDLE_SEEDS,2,3,recovery,none,16,16
614,train_0614_V053_3_0,V053_3_0,V053,HANDLE_SEEDS,2,3,recovery,none,16,16
615,train_0615_V053_4_0,V053_4_0,V053,PLACE_SEEDS,3,4,recovery,none,31,1
616,train_0616_V053_4_0,V053_4_0,V053,PLACE_SEEDS,3,4,recovery,none,32,0
617,train_0617_V053_4_1,V053_4_1,V053,PLACE_SEEDS,3,4,recovery,none,32,0
618,train_0618_V053_4_2,V053_4_2,V053,PLACE_SEEDS,3,4,recovery,none,32,0
619,train_0619_V053_4_3,V053_4_3,V053,PLACE_SEEDS,3,4,recovery,none,32,0
620,train_0620_V053_4_4,V053_4_4,V053,PLACE_SEEDS,3,4,recovery,none,32,0
621,train_0621_V053_4_5,V053_4_5,V053,PLACE_SEEDS,3,4,recovery,none,32,0
622,train_0622_V053_4_6,V053_4_6,V053,PLACE_SEEDS,3,4,recovery,none,32,0
623,train_0623_V053_4_7,V053_4_7,V053,PLACE_SEEDS,3,4,recovery,none,32,0
624,train_0624_V053_4_8,V053_4_8,V053,PLACE_SEEDS,3,4,recovery,none,32,0
625,train_0625_V053_4_9,V053_4_9,V053,PLACE_SEEDS,3,4,recovery,none,32,0
626,train_0626_V053_4_0,V053_4_0,V053,PLACE_SEEDS,3,4,recovery,none,32,0
627,train_0627_V053_4_1,V053_4_1,V053,PLACE_SEEDS,3,4,recovery,none,32,0
628,train_0628_V053_4_2,V053_4_2,V053,PLACE_SEEDS,3,4,recovery,none,32,0
629,train_0629_V053_4_0,V053_4_0,V053,PLACE_SEEDS,3,4,recovery,none,28,4
630,train_0630_V053_5_0,V053_5_0,V053,TAKE_DROPPER,4,5,recovery,none,32,0
631,train_0631_V053_5_0,V053_5_0,V053,TAKE_DROPPER,4,5,recovery,none,31,1
632,train_0632_V053_6_0,V053_6_0,V053,ADD_WATER,5,6,recovery,none,31,1
633,train_0633_V053_6_0,V053_6_0,V053,ADD_WATER,5,6,recovery,none,19,13
634,train_0634_V055_1_0,V055_1_0,V055,RETRIEVE_COTTON,0,1,recovery,none,32,0
635,train_0635_V055_1_1,V055_1_1,V055,RETRIEVE_COTTON,0,1,recovery,none,32,0
636,train_0636_V055_1_2,V055_1_2,V055,RETRIEVE_COTTON,0,1,recovery,none,32,0
637,train_0637_V055_1_0,V055_1_0,V055,RETRIEVE_COTTON,0,1,recovery,none,32,0
638,train_0638_V055_2_0,V055_2_0,V055,PLACE_COTTON,1,2,recovery,none,7,25
639,train_0639_V055_2_0,V055_2_0,V055,PLACE_COTTON,1,2,recovery,none,32,0
640,train_0640_V055_2_1,V055_2_1,V055,PLACE_COTTON,1,2,recovery,none,32,0
641,train_0641_V055_2_2,V055_2_2,V055,PLACE_COTTON,1,2,recovery,none,32,0
642,train_0642_V055_2_3,V055_2_3,V055,PLACE_COTTON,1,2,recovery,none,32,0
643,train_0643_V055_2_4,V055_2_4,V055,PLACE_COTTON,1,2,recovery,none,32,0
644,train_0644_V055_2_5,V055_2_5,V055,PLACE_COTTON,1,2,recovery,none,32,0
645,train_0645_V055_2_6,V055_2_6,V055,PLACE_COTTON,1,2,recovery,none,32,0
646,train_0646_V055_2_7,V055_2_7,V055,PLACE_COTTON,1,2,recovery,none,32,0
647,train_0647_V055_2_0,V055_2_0,V055,PLACE_COTTON,1,2,recovery,none,31,1
648,train_0648_V055_3_0,V055_3_0,V055,HANDLE_SEEDS,2,3,recovery,none,13,19
649,train_0649_V055_3_0,V055_3_0,V055,HANDLE_SEEDS,2,3,recovery,none,19,13
650,train_0650_V055_4_0,V055_4_0,V055,PLACE_SEEDS,3,4,recovery,none,32,0
651,train_0651_V055_4_0,V055_4_0,V055,PLACE_SEEDS,3,4,recovery,none,32,0
652,train_0652_V055_4_1,V055_4_1,V055,PLACE_SEEDS,3,4,recovery,none,32,0
653,train_0653_V055_4_0,V055_4_0,V055,PLACE_SEEDS,3,4,recovery,none,32,0
654,train_0654_V055_4_1,V055_4_1,V055,PLACE_SEEDS,3,4,recovery,none,32,0
655,train_0655_V055_4_2,V055_4_2,V055,PLACE_SEEDS,3,4,recovery,none,32,0
656,train_0656_V055_4_3,V055_4_3,V055,PLACE_SEEDS,3,4,recovery,none,32,0
657,train_0657_V055_4_4,V055_4_4,V055,PLACE_SEEDS,3,4,recovery,none,32,0
658,train_0658_V055_4_5,V055_4_5,V055,PLACE_SEEDS,3,4,recovery,none,32,0
659,train_0659_V055_4_6,V055_4_6,V055,PLACE_SEEDS,3,4,recovery,none,32,0
660,train_0660_V055_4_7,V055_4_7,V055,PLACE_SEEDS,3,4,recovery,none,32,0
661,train_0661_V055_4_8,V055_4_8,V055,PLACE_SEEDS,3,4,recovery,none,32,0
662,train_0662_V055_4_0,V055_4_0,V055,PLACE_SEEDS,3,4,recovery,none,32,0
663,train_0663_V055_5_0,V055_5_0,V055,TAKE_DROPPER,4,5,recovery,none,32,0
664,train_0664_V055_6_0,V055_6_0,V055,ADD_WATER,5,6,recovery,none,25,7
665,train_0665_V056_1_0,V056_1_0,V056,RETRIEVE_COTTON,0,1,recovery,none,19,13
666,train_0666_V056_2_0,V056_2_0,V056,PLACE_COTTON,1,2,recovery,none,19,13
667,train_0667_V056_3_0,V056_3_0,V056,HANDLE_SEEDS,2,3,recovery,none,25,7
668,train_0668_V056_3_0,V056_3_0,V056,HANDLE_SEEDS,2,3,recovery,none,28,4
669,train_0669_V056_4_0,V056_4_0,V056,PLACE_SEEDS,3,4,recovery,none,19,13
670,train_0670_V056_4_0,V056_4_0,V056,PLACE_SEEDS,3,4,recovery,none,32,0
671,train_0671_V056_4_1,V056_4_1,V056,PLACE_SEEDS,3,4,recovery,none,32,0
672,train_0672_V056_4_2,V056_4_2,V056,PLACE_SEEDS,3,4,recovery,none,32,0
673,train_0673_V056_4_3,V056_4_3,V056,PLACE_SEEDS,3,4,recovery,none,32,0
674,train_0674_V056_4_4,V056_4_4,V056,PLACE_SEEDS,3,4,recovery,none,32,0
675,train_0675_V056_4_5,V056_4_5,V056,PLACE_SEEDS,3,4,recovery,none,32,0
676,train_0676_V056_4_6,V056_4_6,V056,PLACE_SEEDS,3,4,recovery,none,32,0
677,train_0677_V056_4_7,V056_4_7,V056,PLACE_SEEDS,3,4,recovery,none,32,0
678,train_0678_V056_4_8,V056_4_8,V056,PLACE_SEEDS,3,4,recovery,none,32,0
679,train_0679_V056_4_9,V056_4_9,V056,PLACE_SEEDS,3,4,recovery,none,32,0
680,train_0680_V056_4_10,V056_4_10,V056,PLACE_SEEDS,3,4,recovery,none,32,0
681,train_0681_V056_4_11,V056_4_11,V056,PLACE_SEEDS,3,4,recovery,none,32,0
682,train_0682_V056_4_12,V056_4_12,V056,PLACE_SEEDS,3,4,recovery,none,32,0
683,train_0683_V056_4_13,V056_4_13,V056,PLACE_SEEDS,3,4,recovery,none,32,0
684,train_0684_V056_4_14,V056_4_14,V056,PLACE_SEEDS,3,4,recovery,none,32,0
685,train_0685_V056_4_0,V056_4_0,V056,PLACE_SEEDS,3,4,recovery,none,16,16
686,train_0686_V056_5_0,V056_5_0,V056,TAKE_DROPPER,4,5,recovery,none,32,0
687,train_0687_V056_5_1,V056_5_1,V056,TAKE_DROPPER,4,5,recovery,none,32,0
688,train_0688_V056_5_2,V056_5_2,V056,TAKE_DROPPER,4,5,recovery,none,32,0
689,train_0689_V056_5_3,V056_5_3,V056,TAKE_DROPPER,4,5,recovery,none,32,0
690,train_0690_V056_5_4,V056_5_4,V056,TAKE_DROPPER,4,5,recovery,none,32,0
691,train_0691_V056_5_5,V056_5_5,V056,TAKE_DROPPER,4,5,recovery,none,32,0
692,train_0692_V056_6_0,V056_6_0,V056,ADD_WATER,5,6,recovery,none,32,0
693,train_0693_V058_1_0,V058_1_0,V058,RETRIEVE_COTTON,0,1,recovery,none,19,13
694,train_0694_V058_2_0,V058_2_0,V058,PLACE_COTTON,1,2,recovery,none,13,19
695,train_0695_V058_3_0,V058_3_0,V058,HANDLE_SEEDS,2,3,recovery,none,19,13
696,train_0696_V058_3_0,V058_3_0,V058,HANDLE_SEEDS,2,3,recovery,none,32,0
697,train_0697_V058_3_0,V058_3_0,V058,HANDLE_SEEDS,2,3,recovery,none,22,10
698,train_0698_V058_4_0,V058_4_0,V058,PLACE_SEEDS,3,4,recovery,none,19,13
699,train_0699_V058_4_0,V058_4_0,V058,PLACE_SEEDS,3,4,recovery,none,32,0
700,train_0700_V058_5_0,V058_5_0,V058,TAKE_DROPPER,4,5,recovery,none,32,0
701,train_0701_V058_5_1,V058_5_1,V058,TAKE_DROPPER,4,5,recovery,none,32,0
702,train_0702_V058_5_2,V058_5_2,V058,TAKE_DROPPER,4,5,recovery,none,32,0
703,train_0703_V058_5_3,V058_5_3,V058,TAKE_DROPPER,4,5,recovery,none,32,0
704,train_0704_V058_5_4,V058_5_4,V058,TAKE_DROPPER,4,5,recovery,none,32,0
705,train_0705_V058_6_0,V058_6_0,V058,ADD_WATER,5,6,recovery,none,32,0
706,train_0706_V059_1_0,V059_1_0,V059,RETRIEVE_COTTON,0,1,hesitation,none,28,4
707,train_0707_V059_2_0,V059_2_0,V059,PLACE_COTTON,1,2,hesitation,none,32,0
708,train_0708_V059_2_1,V059_2_1,V059,PLACE_COTTON,1,2,hesitation,none,32,0
709,train_0709_V059_3_0,V059_3_0,V059,HANDLE_SEEDS,2,3,hesitation,none,32,0
710,train_0710_V059_3_1,V059_3_1,V059,HANDLE_SEEDS,2,3,hesitation,none,32,0
711,train_0711_V059_4_0,V059_4_0,V059,PLACE_SEEDS,3,4,hesitation,none,32,0
712,train_0712_V059_4_1,V059_4_1,V059,PLACE_SEEDS,3,4,hesitation,none,32,0
713,train_0713_V059_4_2,V059_4_2,V059,PLACE_SEEDS,3,4,hesitation,none,32,0
714,train_0714_V059_4_3,V059_4_3,V059,PLACE_SEEDS,3,4,hesitation,none,32,0
715,train_0715_V059_4_4,V059_4_4,V059,PLACE_SEEDS,3,4,hesitation,none,32,0
716,train_0716_V059_4_5,V059_4_5,V059,PLACE_SEEDS,3,4,hesitation,none,32,0
717,train_0717_V059_4_6,V059_4_6,V059,PLACE_SEEDS,3,4,hesitation,none,32,0
718,train_0718_V059_4_7,V059_4_7,V059,PLACE_SEEDS,3,4,hesitation,none,32,0
719,train_0719_V059_4_8,V059_4_8,V059,PLACE_SEEDS,3,4,hesitation,none,32,0
720,train_0720_V059_4_9,V059_4_9,V059,PLACE_SEEDS,3,4,hesitation,none,32,0
721,train_0721_V059_4_10,V059_4_10,V059,PLACE_SEEDS,3,4,hesitation,none,32,0
722,train_0722_V059_4_11,V059_4_11,V059,PLACE_SEEDS,3,4,hesitation,none,32,0
723,train_0723_V059_4_12,V059_4_12,V059,PLACE_SEEDS,3,4,hesitation,none,32,0
724,train_0724_V059_4_13,V059_4_13,V059,PLACE_SEEDS,3,4,hesitation,none,32,0
725,train_0725_V059_4_14,V059_4_14,V059,PLACE_SEEDS,3,4,hesitation,none,32,0
726,train_0726_V059_4_15,V059_4_15,V059,PLACE_SEEDS,3,4,hesitation,none,32,0
727,train_0727_V059_4_16,V059_4_16,V059,PLACE_SEEDS,3,4,hesitation,none,32,0
728,train_0728_V059_4_17,V059_4_17,V059,PLACE_SEEDS,3,4,hesitation,none,32,0
729,train_0729_V059_4_18,V059_4_18,V059,PLACE_SEEDS,3,4,hesitation,none,32,0
730,train_0730_V059_4_19,V059_4_19,V059,PLACE_SEEDS,3,4,hesitation,none,32,0
731,train_0731_V059_4_20,V059_4_20,V059,PLACE_SEEDS,3,4,hesitation,none,32,0
732,train_0732_V059_5_0,V059_5_0,V059,TAKE_DROPPER,4,5,hesitation,none,32,0
733,train_0733_V059_5_1,V059_5_1,V059,TAKE_DROPPER,4,5,hesitation,none,32,0
734,train_0734_V059_5_2,V059_5_2,V059,TAKE_DROPPER,4,5,hesitation,none,32,0
735,train_0735_V059_5_3,V059_5_3,V059,TAKE_DROPPER,4,5,hesitation,none,32,0
736,train_0736_V059_5_4,V059_5_4,V059,TAKE_DROPPER,4,5,hesitation,none,32,0
737,train_0737_V059_5_5,V059_5_5,V059,TAKE_DROPPER,4,5,hesitation,none,32,0
738,train_0738_V059_5_6,V059_5_6,V059,TAKE_DROPPER,4,5,hesitation,none,32,0
739,train_0739_V059_6_0,V059_6_0,V059,ADD_WATER,5,6,hesitation,none,32,0
740,train_0740_V059_6_1,V059_6_1,V059,ADD_WATER,5,6,hesitation,none,32,0
741,train_0741_V059_6_2,V059_6_2,V059,ADD_WATER,5,6,hesitation,none,32,0
742,train_0742_V059_6_3,V059_6_3,V059,ADD_WATER,5,6,hesitation,none,32,0
743,train_0743_V059_6_4,V059_6_4,V059,ADD_WATER,5,6,hesitation,none,32,0
744,train_0744_V059_6_5,V059_6_5,V059,ADD_WATER,5,6,hesitation,none,32,0
745,train_0745_V059_6_6,V059_6_6,V059,ADD_WATER,5,6,hesitation,none,32,0
746,train_0746_V060_1_0,V060_1_0,V060,RETRIEVE_COTTON,0,1,hesitation,none,32,0
747,train_0747_V060_1_1,V060_1_1,V060,RETRIEVE_COTTON,0,1,hesitation,none,32,0
748,train_0748_V060_1_2,V060_1_2,V060,RETRIEVE_COTTON,0,1,hesitation,none,32,0
749,train_0749_V060_2_0,V060_2_0,V060,PLACE_COTTON,1,2,hesitation,none,7,25
750,train_0750_V060_3_0,V060_3_0,V060,HANDLE_SEEDS,2,3,hesitation,none,23,9
751,train_0751_V060_4_0,V060_4_0,V060,PLACE_SEEDS,3,4,hesitation,none,32,0
752,train_0752_V060_4_1,V060_4_1,V060,PLACE_SEEDS,3,4,hesitation,none,32,0
753,train_0753_V060_4_2,V060_4_2,V060,PLACE_SEEDS,3,4,hesitation,none,32,0
754,train_0754_V060_4_3,V060_4_3,V060,PLACE_SEEDS,3,4,hesitation,none,32,0
755,train_0755_V060_5_0,V060_5_0,V060,TAKE_DROPPER,4,5,hesitation,none,32,0
756,train_0756_V060_5_1,V060_5_1,V060,TAKE_DROPPER,4,5,hesitation,none,32,0
757,train_0757_V060_5_2,V060_5_2,V060,TAKE_DROPPER,4,5,hesitation,none,32,0
758,train_0758_V060_5_3,V060_5_3,V060,TAKE_DROPPER,4,5,hesitation,none,32,0
759,train_0759_V060_5_4,V060_5_4,V060,TAKE_DROPPER,4,5,hesitation,none,32,0
760,train_0760_V060_6_0,V060_6_0,V060,ADD_WATER,5,6,hesitation,none,16,16
761,train_0761_V061_1_0,V061_1_0,V061,RETRIEVE_COTTON,0,1,hesitation,none,16,16
762,train_0762_V061_2_0,V061_2_0,V061,PLACE_COTTON,1,2,hesitation,none,32,0
763,train_0763_V061_2_1,V061_2_1,V061,PLACE_COTTON,1,2,hesitation,none,32,0
764,train_0764_V061_3_0,V061_3_0,V061,HANDLE_SEEDS,2,3,hesitation,none,16,16
765,train_0765_V061_4_0,V061_4_0,V061,PLACE_SEEDS,3,4,hesitation,none,32,0
766,train_0766_V061_4_1,V061_4_1,V061,PLACE_SEEDS,3,4,hesitation,none,32,0
767,train_0767_V061_4_2,V061_4_2,V061,PLACE_SEEDS,3,4,hesitation,none,32,0
768,train_0768_V061_4_3,V061_4_3,V061,PLACE_SEEDS,3,4,hesitation,none,32,0
769,train_0769_V061_4_4,V061_4_4,V061,PLACE_SEEDS,3,4,hesitation,none,32,0
770,train_0770_V061_4_5,V061_4_5,V061,PLACE_SEEDS,3,4,hesitation,none,32,0
771,train_0771_V061_4_6,V061_4_6,V061,PLACE_SEEDS,3,4,hesitation,none,32,0
772,train_0772_V061_4_7,V061_4_7,V061,PLACE_SEEDS,3,4,hesitation,none,32,0
773,train_0773_V061_4_8,V061_4_8,V061,PLACE_SEEDS,3,4,hesitation,none,32,0
774,train_0774_V061_4_9,V061_4_9,V061,PLACE_SEEDS,3,4,hesitation,none,32,0
775,train_0775_V061_4_10,V061_4_10,V061,PLACE_SEEDS,3,4,hesitation,none,32,0
776,train_0776_V061_5_0,V061_5_0,V061,TAKE_DROPPER,4,5,hesitation,none,32,0
777,train_0777_V061_5_1,V061_5_1,V061,TAKE_DROPPER,4,5,hesitation,none,32,0
778,train_0778_V061_5_2,V061_5_2,V061,TAKE_DROPPER,4,5,hesitation,none,32,0
779,train_0779_V061_5_3,V061_5_3,V061,TAKE_DROPPER,4,5,hesitation,none,32,0
780,train_0780_V061_5_4,V061_5_4,V061,TAKE_DROPPER,4,5,hesitation,none,32,0
781,train_0781_V061_5_5,V061_5_5,V061,TAKE_DROPPER,4,5,hesitation,none,32,0
782,train_0782_V061_5_6,V061_5_6,V061,TAKE_DROPPER,4,5,hesitation,none,32,0
783,train_0783_V061_5_7,V061_5_7,V061,TAKE_DROPPER,4,5,hesitation,none,32,0
784,train_0784_V061_5_8,V061_5_8,V061,TAKE_DROPPER,4,5,hesitation,none,32,0
785,train_0785_V061_5_9,V061_5_9,V061,TAKE_DROPPER,4,5,hesitation,none,32,0
786,train_0786_V061_5_10,V061_5_10,V061,TAKE_DROPPER,4,5,hesitation,none,32,0
787,train_0787_V061_5_11,V061_5_11,V061,TAKE_DROPPER,4,5,hesitation,none,32,0
788,train_0788_V061_5_12,V061_5_12,V061,TAKE_DROPPER,4,5,hesitation,none,32,0
789,train_0789_V061_5_13,V061_5_13,V061,TAKE_DROPPER,4,5,hesitation,none,32,0
790,train_0790_V061_5_14,V061_5_14,V061,TAKE_DROPPER,4,5,hesitation,none,32,0
791,train_0791_V061_6_0,V061_6_0,V061,ADD_WATER,5,6,hesitation,none,19,13
792,train_0792_V062_1_0,V062_1_0,V062,RETRIEVE_COTTON,0,1,hesitation,none,13,19
793,train_0793_V062_1_0,V062_1_0,V062,RETRIEVE_COTTON,0,1,hesitation,none,22,10
794,train_0794_V062_2_0,V062_2_0,V062,PLACE_COTTON,1,2,hesitation,none,13,19
795,train_0795_V062_2_0,V062_2_0,V062,PLACE_COTTON,1,2,hesitation,none,19,13
796,train_0796_V062_3_0,V062_3_0,V062,HANDLE_SEEDS,2,3,hesitation,none,25,7
797,train_0797_V062_4_0,V062_4_0,V062,PLACE_SEEDS,3,4,hesitation,none,31,1
798,train_0798_V062_5_0,V062_5_0,V062,TAKE_DROPPER,4,5,hesitation,none,32,0
799,train_0799_V062_5_1,V062_5_1,V062,TAKE_DROPPER,4,5,hesitation,none,32,0
800,train_0800_V062_5_2,V062_5_2,V062,TAKE_DROPPER,4,5,hesitation,none,32,0
801,train_0801_V062_5_3,V062_5_3,V062,TAKE_DROPPER,4,5,hesitation,none,32,0
802,train_0802_V062_5_4,V062_5_4,V062,TAKE_DROPPER,4,5,hesitation,none,32,0
803,train_0803_V062_6_0,V062_6_0,V062,ADD_WATER,5,6,hesitation,none,28,4
804,train_0804_V064_1_0,V064_1_0,V064,RETRIEVE_COTTON,0,1,hesitation,none,25,7
805,train_0805_V064_2_0,V064_2_0,V064,PLACE_COTTON,1,2,hesitation,none,19,13
806,train_0806_V064_3_0,V064_3_0,V064,HANDLE_SEEDS,2,3,hesitation,none,16,16
807,train_0807_V064_4_0,V064_4_0,V064,PLACE_SEEDS,3,4,hesitation,none,28,4
808,train_0808_V064_5_0,V064_5_0,V064,TAKE_DROPPER,4,5,hesitation,none,32,0
809,train_0809_V064_5_1,V064_5_1,V064,TAKE_DROPPER,4,5,hesitation,none,32,0
810,train_0810_V064_5_2,V064_5_2,V064,TAKE_DROPPER,4,5,hesitation,none,32,0
811,train_0811_V064_5_3,V064_5_3,V064,TAKE_DROPPER,4,5,hesitation,none,32,0
812,train_0812_V064_5_4,V064_5_4,V064,TAKE_DROPPER,4,5,hesitation,none,32,0
813,train_0813_V064_5_5,V064_5_5,V064,TAKE_DROPPER,4,5,hesitation,none,32,0
814,train_0814_V064_5_6,V064_5_6,V064,TAKE_DROPPER,4,5,hesitation,none,32,0
815,train_0815_V064_5_7,V064_5_7,V064,TAKE_DROPPER,4,5,hesitation,none,32,0
816,train_0816_V064_6_0,V064_6_0,V064,ADD_WATER,5,6,hesitation,none,32,0
817,train_0817_V065_1_0,V065_1_0,V065,RETRIEVE_COTTON,0,1,hesitation,none,13,19
818,train_0818_V065_2_0,V065_2_0,V065,PLACE_COTTON,1,2,hesitation,none,32,0
819,train_0819_V065_3_0,V065_3_0,V065,HANDLE_SEEDS,2,3,hesitation,none,16,16
820,train_0820_V065_4_0,V065_4_0,V065,PLACE_SEEDS,3,4,hesitation,none,32,0
821,train_0821_V065_4_1,V065_4_1,V065,PLACE_SEEDS,3,4,hesitation,none,32,0
822,train_0822_V065_5_0,V065_5_0,V065,TAKE_DROPPER,4,5,hesitation,none,32,0
823,train_0823_V065_5_1,V065_5_1,V065,TAKE_DROPPER,4,5,hesitation,none,32,0
824,train_0824_V065_5_2,V065_5_2,V065,TAKE_DROPPER,4,5,hesitation,none,32,0
825,train_0825_V065_5_3,V065_5_3,V065,TAKE_DROPPER,4,5,hesitation,none,32,0
826,train_0826_V065_5_4,V065_5_4,V065,TAKE_DROPPER,4,5,hesitation,none,32,0
827,train_0827_V065_5_5,V065_5_5,V065,TAKE_DROPPER,4,5,hesitation,none,32,0
828,train_0828_V065_5_6,V065_5_6,V065,TAKE_DROPPER,4,5,hesitation,none,32,0
829,train_0829_V065_5_7,V065_5_7,V065,TAKE_DROPPER,4,5,hesitation,none,32,0
830,train_0830_V065_5_8,V065_5_8,V065,TAKE_DROPPER,4,5,hesitation,none,32,0
831,train_0831_V065_5_9,V065_5_9,V065,TAKE_DROPPER,4,5,hesitation,none,32,0
832,train_0832_V065_5_10,V065_5_10,V065,TAKE_DROPPER,4,5,hesitation,none,32,0
833,train_0833_V065_5_11,V065_5_11,V065,TAKE_DROPPER,4,5,hesitation,none,32,0
834,train_0834_V065_5_12,V065_5_12,V065,TAKE_DROPPER,4,5,hesitation,none,32,0
835,train_0835_V065_5_13,V065_5_13,V065,TAKE_DROPPER,4,5,hesitation,none,32,0
836,train_0836_V065_6_0,V065_6_0,V065,ADD_WATER,5,6,hesitation,none,32,0
837,train_0837_V065_6_1,V065_6_1,V065,ADD_WATER,5,6,hesitation,none,32,0
838,train_0838_V065_6_2,V065_6_2,V065,ADD_WATER,5,6,hesitation,none,32,0
839,train_0839_V065_6_3,V065_6_3,V065,ADD_WATER,5,6,hesitation,none,32,0
840,train_0840_V065_6_4,V065_6_4,V065,ADD_WATER,5,6,hesitation,none,32,0
841,train_0841_V067_1_0,V067_1_0,V067,RETRIEVE_COTTON,0,1,incorrect,none,32,0
842,train_0842_V067_1_1,V067_1_1,V067,RETRIEVE_COTTON,0,1,incorrect,none,32,0
843,train_0843_V067_2_0,V067_2_0,V067,PLACE_COTTON,1,2,incorrect,none,32,0
844,train_0844_V067_2_1,V067_2_1,V067,PLACE_COTTON,1,2,incorrect,none,32,0
845,train_0845_V067_2_2,V067_2_2,V067,PLACE_COTTON,1,2,incorrect,none,32,0
846,train_0846_V067_3_0,V067_3_0,V067,HANDLE_SEEDS,2,3,incorrect,none,22,10
847,train_0847_V067_4_0,V067_4_0,V067,PLACE_SEEDS,3,4,incorrect,none,28,4
848,train_0848_V067_5_0,V067_5_0,V067,TAKE_DROPPER,4,5,incorrect,none,16,16
849,train_0849_V067_6_0,V067_6_0,V067,ADD_WATER,5,6,incorrect,none,32,0
850,train_0850_V067_6_1,V067_6_1,V067,ADD_WATER,5,6,incorrect,none,32,0
851,train_0851_V067_6_2,V067_6_2,V067,ADD_WATER,5,6,incorrect,none,32,0
852,train_0852_V067_6_3,V067_6_3,V067,ADD_WATER,5,6,incorrect,none,32,0
853,train_0853_V067_6_4,V067_6_4,V067,ADD_WATER,5,6,incorrect,none,32,0
854,train_0854_V067_6_5,V067_6_5,V067,ADD_WATER,5,6,incorrect,none,32,0
855,train_0855_V067_6_6,V067_6_6,V067,ADD_WATER,5,6,incorrect,none,32,0
856,train_0856_V067_6_7,V067_6_7,V067,ADD_WATER,5,6,incorrect,none,32,0
857,train_0857_V067_6_8,V067_6_8,V067,ADD_WATER,5,6,incorrect,none,32,0
858,train_0858_V067_6_9,V067_6_9,V067,ADD_WATER,5,6,incorrect,none,32,0
859,train_0859_V067_6_10,V067_6_10,V067,ADD_WATER,5,6,incorrect,none,32,0
860,train_0860_V067_6_11,V067_6_11,V067,ADD_WATER,5,6,incorrect,none,32,0
861,train_0861_V067_6_12,V067_6_12,V067,ADD_WATER,5,6,incorrect,none,32,0
862,train_0862_V068_1_0,V068_1_0,V068,RETRIEVE_COTTON,0,1,incorrect,none,7,25
863,train_0863_V068_2_0,V068_2_0,V068,PLACE_COTTON,1,2,incorrect,none,4,28
864,train_0864_V068_3_0,V068_3_0,V068,HANDLE_SEEDS,2,3,incorrect,none,13,19
865,train_0865_V068_4_0,V068_4_0,V068,PLACE_SEEDS,3,4,incorrect,none,22,10
866,train_0866_V068_5_0,V068_5_0,V068,TAKE_DROPPER,4,5,incorrect,none,32,0
867,train_0867_V068_5_1,V068_5_1,V068,TAKE_DROPPER,4,5,incorrect,none,32,0
868,train_0868_V068_5_2,V068_5_2,V068,TAKE_DROPPER,4,5,incorrect,none,32,0
869,train_0869_V068_6_0,V068_6_0,V068,ADD_WATER,5,6,incorrect,none,32,0
870,train_0870_V071_1_0,V071_1_0,V071,RETRIEVE_COTTON,0,1,incorrect,none,7,25
871,train_0871_V071_2_0,V071_2_0,V071,PLACE_COTTON,1,2,incorrect,none,16,16
872,train_0872_V071_3_0,V071_3_0,V071,HANDLE_SEEDS,2,3,incorrect,none,13,19
873,train_0873_V071_4_0,V071_4_0,V071,PLACE_SEEDS,3,4,incorrect,none,19,13
874,train_0874_V071_5_0,V071_5_0,V071,TAKE_DROPPER,4,5,incorrect,none,32,0
875,train_0875_V071_5_1,V071_5_1,V071,TAKE_DROPPER,4,5,incorrect,none,32,0
876,train_0876_V071_5_2,V071_5_2,V071,TAKE_DROPPER,4,5,incorrect,none,32,0
877,train_0877_V071_5_3,V071_5_3,V071,TAKE_DROPPER,4,5,incorrect,none,32,0
878,train_0878_V071_6_0,V071_6_0,V071,ADD_WATER,5,6,incorrect,none,16,16
879,train_0879_V072_1_0,V072_1_0,V072,RETRIEVE_COTTON,0,1,incorrect,none,22,10
880,train_0880_V072_2_0,V072_2_0,V072,PLACE_COTTON,1,2,incorrect,none,22,10
881,train_0881_V072_3_0,V072_3_0,V072,HANDLE_SEEDS,2,3,incorrect,none,22,10
882,train_0882_V072_4_0,V072_4_0,V072,PLACE_SEEDS,3,4,incorrect,none,19,13
883,train_0883_V072_5_0,V072_5_0,V072,TAKE_DROPPER,4,5,incorrect,none,32,0
884,train_0884_V072_5_1,V072_5_1,V072,TAKE_DROPPER,4,5,incorrect,none,32,0
885,train_0885_V072_5_2,V072_5_2,V072,TAKE_DROPPER,4,5,incorrect,none,32,0
886,train_0886_V072_5_3,V072_5_3,V072,TAKE_DROPPER,4,5,incorrect,none,32,0
887,train_0887_V072_5_4,V072_5_4,V072,TAKE_DROPPER,4,5,incorrect,none,32,0
888,train_0888_V072_6_0,V072_6_0,V072,ADD_WATER,5,6,incorrect,none,32,0
889,train_0889_V072_6_1,V072_6_1,V072,ADD_WATER,5,6,incorrect,none,32,0
890,train_0890_V072_6_2,V072_6_2,V072,ADD_WATER,5,6,incorrect,none,32,0
891,train_0891_V072_6_3,V072_6_3,V072,ADD_WATER,5,6,incorrect,none,32,0
892,train_0892_V072_6_4,V072_6_4,V072,ADD_WATER,5,6,incorrect,none,32,0
893,train_0893_V072_6_5,V072_6_5,V072,ADD_WATER,5,6,incorrect,none,32,0
894,train_0894_V075_1_0,V075_1_0,V075,RETRIEVE_COTTON,0,1,incorrect,none,22,10
895,train_0895_V075_2_0,V075_2_0,V075,PLACE_COTTON,1,2,incorrect,none,7,25
896,train_0896_V075_3_0,V075_3_0,V075,HANDLE_SEEDS,2,3,incorrect,none,28,4
897,train_0897_V075_4_0,V075_4_0,V075,PLACE_SEEDS,3,4,incorrect,none,32,0
898,train_0898_V075_5_0,V075_5_0,V075,TAKE_DROPPER,4,5,incorrect,none,32,0
899,train_0899_V075_5_1,V075_5_1,V075,TAKE_DROPPER,4,5,incorrect,none,32,0
900,train_0900_V075_5_2,V075_5_2,V075,TAKE_DROPPER,4,5,incorrect,none,32,0
901,train_0901_V075_6_0,V075_6_0,V075,ADD_WATER,5,6,incorrect,none,32,0
902,train_0902_V076_1_0,V076_1_0,V076,RETRIEVE_COTTON,0,1,incorrect,none,31,1
903,train_0903_V076_2_0,V076_2_0,V076,PLACE_COTTON,1,2,incorrect,none,25,7
904,train_0904_V076_3_0,V076_3_0,V076,HANDLE_SEEDS,2,3,incorrect,none,32,0
905,train_0905_V076_3_1,V076_3_1,V076,HANDLE_SEEDS,2,3,incorrect,none,32,0
906,train_0906_V076_3_2,V076_3_2,V076,HANDLE_SEEDS,2,3,incorrect,none,32,0
907,train_0907_V076_4_0,V076_4_0,V076,PLACE_SEEDS,3,4,incorrect,none,32,0
908,train_0908_V076_4_1,V076_4_1,V076,PLACE_SEEDS,3,4,incorrect,none,32,0
909,train_0909_V076_5_0,V076_5_0,V076,TAKE_DROPPER,4,5,incorrect,none,32,0
910,train_0910_V076_5_1,V076_5_1,V076,TAKE_DROPPER,4,5,incorrect,none,32,0
911,train_0911_V076_5_2,V076_5_2,V076,TAKE_DROPPER,4,5,incorrect,none,32,0
912,train_0912_V076_5_3,V076_5_3,V076,TAKE_DROPPER,4,5,incorrect,none,32,0
913,train_0913_V076_5_4,V076_5_4,V076,TAKE_DROPPER,4,5,incorrect,none,32,0
914,train_0914_V076_5_5,V076_5_5,V076,TAKE_DROPPER,4,5,incorrect,none,32,0
915,train_0915_V076_5_6,V076_5_6,V076,TAKE_DROPPER,4,5,incorrect,none,32,0
916,train_0916_V076_5_7,V076_5_7,V076,TAKE_DROPPER,4,5,incorrect,none,32,0
917,train_0917_V076_6_0,V076_6_0,V076,ADD_WATER,5,6,incorrect,none,32,0
918,train_0918_V076_6_1,V076_6_1,V076,ADD_WATER,5,6,incorrect,none,32,0
919,train_0919_V078_1_0,V078_1_0,V078,RETRIEVE_COTTON,0,1,incorrect,none,32,0
920,train_0920_V078_2_0,V078_2_0,V078,PLACE_COTTON,1,2,incorrect,none,13,19
921,train_0921_V078_3_0,V078_3_0,V078,HANDLE_SEEDS,2,3,incorrect,none,32,0
922,train_0922_V078_3_1,V078_3_1,V078,HANDLE_SEEDS,2,3,incorrect,none,32,0
923,train_0923_V078_3_2,V078_3_2,V078,HANDLE_SEEDS,2,3,incorrect,none,32,0
924,train_0924_V078_3_3,V078_3_3,V078,HANDLE_SEEDS,2,3,incorrect,none,32,0
925,train_0925_V078_4_0,V078_4_0,V078,PLACE_SEEDS,3,4,incorrect,none,19,13
926,train_0926_V078_5_0,V078_5_0,V078,TAKE_DROPPER,4,5,incorrect,none,32,0
927,train_0927_V078_5_1,V078_5_1,V078,TAKE_DROPPER,4,5,incorrect,none,32,0
928,train_0928_V078_5_2,V078_5_2,V078,TAKE_DROPPER,4,5,incorrect,none,32,0
929,train_0929_V078_5_3,V078_5_3,V078,TAKE_DROPPER,4,5,incorrect,none,32,0
930,train_0930_V078_5_4,V078_5_4,V078,TAKE_DROPPER,4,5,incorrect,none,32,0
931,train_0931_V078_6_0,V078_6_0,V078,ADD_WATER,5,6,incorrect,none,32,0
932,train_0932_V078_6_1,V078_6_1,V078,ADD_WATER,5,6,incorrect,none,32,0
933,train_0933_V079_1_0,V079_1_0,V079,RETRIEVE_COTTON,0,1,incorrect,none,19,13
934,train_0934_V079_2_0,V079_2_0,V079,PLACE_COTTON,1,2,incorrect,none,32,0
935,train_0935_V079_2_1,V079_2_1,V079,PLACE_COTTON,1,2,incorrect,none,32,0
936,train_0936_V079_2_2,V079_2_2,V079,PLACE_COTTON,1,2,incorrect,none,32,0
937,train_0937_V079_2_3,V079_2_3,V079,PLACE_COTTON,1,2,incorrect,none,32,0
938,train_0938_V079_3_0,V079_3_0,V079,HANDLE_SEEDS,2,3,incorrect,none,31,1
939,train_0939_V079_3_0,V079_3_0,V079,HANDLE_SEEDS,2,3,incorrect,none,32,0
940,train_0940_V079_4_0,V079_4_0,V079,PLACE_SEEDS,3,4,incorrect,none,19,13
941,train_0941_V079_4_0,V079_4_0,V079,PLACE_SEEDS,3,4,incorrect,none,19,13
942,train_0942_V079_5_0,V079_5_0,V079,TAKE_DROPPER,4,5,incorrect,none,32,0
943,train_0943_V079_5_1,V079_5_1,V079,TAKE_DROPPER,4,5,incorrect,none,32,0
944,train_0944_V079_5_2,V079_5_2,V079,TAKE_DROPPER,4,5,incorrect,none,32,0
945,train_0945_V079_5_3,V079_5_3,V079,TAKE_DROPPER,4,5,incorrect,none,32,0
946,train_0946_V079_5_4,V079_5_4,V079,TAKE_DROPPER,4,5,incorrect,none,32,0
947,train_0947_V079_5_5,V079_5_5,V079,TAKE_DROPPER,4,5,incorrect,none,32,0
948,train_0948_V079_6_0,V079_6_0,V079,ADD_WATER,5,6,incorrect,none,32,0
949,train_0949_V079_6_1,V079_6_1,V079,ADD_WATER,5,6,incorrect,none,32,0
950,train_0950_V079_6_2,V079_6_2,V079,ADD_WATER,5,6,incorrect,none,32,0
951,train_0951_V080_1_0,V080_1_0,V080,RETRIEVE_COTTON,0,1,incorrect,none,25,7
952,train_0952_V080_2_0,V080_2_0,V080,PLACE_COTTON,1,2,incorrect,none,31,1
953,train_0953_V080_3_0,V080_3_0,V080,HANDLE_SEEDS,2,3,incorrect,none,32,0
954,train_0954_V080_3_1,V080_3_1,V080,HANDLE_SEEDS,2,3,incorrect,none,32,0
955,train_0955_V080_3_2,V080_3_2,V080,HANDLE_SEEDS,2,3,incorrect,none,32,0
956,train_0956_V080_4_0,V080_4_0,V080,PLACE_SEEDS,3,4,incorrect,none,22,10
957,train_0957_V080_5_0,V080_5_0,V080,TAKE_DROPPER,4,5,incorrect,none,32,0
958,train_0958_V080_5_1,V080_5_1,V080,TAKE_DROPPER,4,5,incorrect,none,32,0
959,train_0959_V080_5_2,V080_5_2,V080,TAKE_DROPPER,4,5,incorrect,none,32,0
960,train_0960_V080_5_3,V080_5_3,V080,TAKE_DROPPER,4,5,incorrect,none,32,0
961,train_0961_V080_5_4,V080_5_4,V080,TAKE_DROPPER,4,5,incorrect,none,32,0
962,train_0962_V080_6_0,V080_6_0,V080,ADD_WATER,5,6,incorrect,none,32,0
963,train_0963_V080_6_1,V080_6_1,V080,ADD_WATER,5,6,incorrect,none,32,0
964,train_0964_V080_6_2,V080_6_2,V080,ADD_WATER,5,6,incorrect,none,32,0
965,train_0965_V082_1_0,V082_1_0,V082,RETRIEVE_COTTON,0,1,incorrect,none,32,0
966,train_0966_V082_1_1,V082_1_1,V082,RETRIEVE_COTTON,0,1,incorrect,none,32,0
967,train_0967_V082_1_2,V082_1_2,V082,RETRIEVE_COTTON,0,1,incorrect,none,32,0
968,train_0968_V082_1_3,V082_1_3,V082,RETRIEVE_COTTON,0,1,incorrect,none,32,0
969,train_0969_V082_2_0,V082_2_0,V082,PLACE_COTTON,1,2,incorrect,none,7,25
970,train_0970_V082_3_0,V082_3_0,V082,HANDLE_SEEDS,2,3,incorrect,none,32,0
971,train_0971_V082_3_1,V082_3_1,V082,HANDLE_SEEDS,2,3,incorrect,none,32,0
972,train_0972_V082_4_0,V082_4_0,V082,PLACE_SEEDS,3,4,incorrect,none,31,1
973,train_0973_V082_5_0,V082_5_0,V082,TAKE_DROPPER,4,5,incorrect,none,32,0
974,train_0974_V082_5_1,V082_5_1,V082,TAKE_DROPPER,4,5,incorrect,none,32,0
975,train_0975_V082_5_2,V082_5_2,V082,TAKE_DROPPER,4,5,incorrect,none,32,0
976,train_0976_V082_5_3,V082_5_3,V082,TAKE_DROPPER,4,5,incorrect,none,32,0
977,train_0977_V082_5_4,V082_5_4,V082,TAKE_DROPPER,4,5,incorrect,none,32,0
978,train_0978_V082_5_5,V082_5_5,V082,TAKE_DROPPER,4,5,incorrect,none,32,0
979,train_0979_V082_5_6,V082_5_6,V082,TAKE_DROPPER,4,5,incorrect,none,32,0
980,train_0980_V082_5_7,V082_5_7,V082,TAKE_DROPPER,4,5,incorrect,none,32,0
981,train_0981_V082_5_8,V082_5_8,V082,TAKE_DROPPER,4,5,incorrect,none,32,0
982,train_0982_V082_5_9,V082_5_9,V082,TAKE_DROPPER,4,5,incorrect,none,32,0
983,train_0983_V082_5_10,V082_5_10,V082,TAKE_DROPPER,4,5,incorrect,none,32,0
984,train_0984_V082_6_0,V082_6_0,V082,ADD_WATER,5,6,incorrect,none,32,0
985,train_0985_V082_6_1,V082_6_1,V082,ADD_WATER,5,6,incorrect,none,32,0
986,train_0986_V083_1_0,V083_1_0,V083,RETRIEVE_COTTON,0,1,correct,person,16,16
987,train_0987_V083_2_0,V083_2_0,V083,PLACE_COTTON,1,2,correct,person,19,13
988,train_0988_V083_3_0,V083_3_0,V083,HANDLE_SEEDS,2,3,correct,person,32,0
989,train_0989_V083_3_1,V083_3_1,V083,HANDLE_SEEDS,2,3,correct,person,32,0
990,train_0990_V083_4_0,V083_4_0,V083,PLACE_SEEDS,3,4,correct,person,32,0
991,train_0991_V083_4_1,V083_4_1,V083,PLACE_SEEDS,3,4,correct,person,32,0
992,train_0992_V083_4_2,V083_4_2,V083,PLACE_SEEDS,3,4,correct,person,32,0
993,train_0993_V083_5_0,V083_5_0,V083,TAKE_DROPPER,4,5,correct,person,32,0
994,train_0994_V083_5_1,V083_5_1,V083,TAKE_DROPPER,4,5,correct,person,32,0
995,train_0995_V083_5_2,V083_5_2,V083,TAKE_DROPPER,4,5,correct,person,32,0
996,train_0996_V083_5_3,V083_5_3,V083,TAKE_DROPPER,4,5,correct,person,32,0
997,train_0997_V083_5_4,V083_5_4,V083,TAKE_DROPPER,4,5,correct,person,32,0
998,train_0998_V083_5_5,V083_5_5,V083,TAKE_DROPPER,4,5,correct,person,32,0
999,train_0999_V083_5_6,V083_5_6,V083,TAKE_DROPPER,4,5,correct,person,32,0
1000,train_1000_V083_6_0,V083_6_0,V083,ADD_WATER,5,6,correct,person,32,0
1001,train_1001_V083_6_1,V083_6_1,V083,ADD_WATER,5,6,correct,person,32,0
1002,train_1002_V084_1_0,V084_1_0,V084,RETRIEVE_COTTON,0,1,correct,person,25,7
1003,train_1003_V084_2_0,V084_2_0,V084,PLACE_COTTON,1,2,correct,person,10,22
1004,train_1004_V084_3_0,V084_3_0,V084,HANDLE_SEEDS,2,3,correct,person,32,0
1005,train_1005_V084_3_1,V084_3_1,V084,HANDLE_SEEDS,2,3,correct,person,32,0
1006,train_1006_V084_4_0,V084_4_0,V084,PLACE_SEEDS,3,4,correct,person,32,0
1007,train_1007_V084_4_1,V084_4_1,V084,PLACE_SEEDS,3,4,correct,person,32,0
1008,train_1008_V084_5_0,V084_5_0,V084,TAKE_DROPPER,4,5,correct,person,32,0
1009,train_1009_V084_5_1,V084_5_1,V084,TAKE_DROPPER,4,5,correct,person,32,0
1010,train_1010_V084_5_2,V084_5_2,V084,TAKE_DROPPER,4,5,correct,person,32,0
1011,train_1011_V084_5_3,V084_5_3,V084,TAKE_DROPPER,4,5,correct,person,32,0
1012,train_1012_V084_5_4,V084_5_4,V084,TAKE_DROPPER,4,5,correct,person,32,0
1013,train_1013_V084_5_5,V084_5_5,V084,TAKE_DROPPER,4,5,correct,person,32,0
1014,train_1014_V084_5_6,V084_5_6,V084,TAKE_DROPPER,4,5,correct,person,32,0
1015,train_1015_V084_6_0,V084_6_0,V084,ADD_WATER,5,6,correct,person,22,10
1016,train_1016_V085_1_0,V085_1_0,V085,RETRIEVE_COTTON,0,1,correct,person,19,13
1017,train_1017_V085_2_0,V085_2_0,V085,PLACE_COTTON,1,2,correct,person,4,28
1018,train_1018_V085_3_0,V085_3_0,V085,HANDLE_SEEDS,2,3,correct,person,32,0
1019,train_1019_V085_4_0,V085_4_0,V085,PLACE_SEEDS,3,4,correct,person,31,1
1020,train_1020_V085_5_0,V085_5_0,V085,TAKE_DROPPER,4,5,correct,person,32,0
1021,train_1021_V085_5_1,V085_5_1,V085,TAKE_DROPPER,4,5,correct,person,32,0
1022,train_1022_V085_5_2,V085_5_2,V085,TAKE_DROPPER,4,5,correct,person,32,0
1023,train_1023_V085_6_0,V085_6_0,V085,ADD_WATER,5,6,correct,person,32,0
1024,train_1024_V087_1_0,V087_1_0,V087,RETRIEVE_COTTON,0,1,correct,person,13,19
1025,train_1025_V087_2_0,V087_2_0,V087,PLACE_COTTON,1,2,correct,person,13,19
1026,train_1026_V087_3_0,V087_3_0,V087,HANDLE_SEEDS,2,3,correct,person,32,0
1027,train_1027_V087_3_1,V087_3_1,V087,HANDLE_SEEDS,2,3,correct,person,32,0
1028,train_1028_V087_4_0,V087_4_0,V087,PLACE_SEEDS,3,4,correct,person,31,1
1029,train_1029_V087_5_0,V087_5_0,V087,TAKE_DROPPER,4,5,correct,person,32,0
1030,train_1030_V087_5_1,V087_5_1,V087,TAKE_DROPPER,4,5,correct,person,32,0
1031,train_1031_V087_5_2,V087_5_2,V087,TAKE_DROPPER,4,5,correct,person,32,0
1032,train_1032_V087_6_0,V087_6_0,V087,ADD_WATER,5,6,correct,person,32,0
1033,train_1033_V088_1_0,V088_1_0,V088,RETRIEVE_COTTON,0,1,correct,person,19,13
1034,train_1034_V088_2_0,V088_2_0,V088,PLACE_COTTON,1,2,correct,person,10,22
1035,train_1035_V088_3_0,V088_3_0,V088,HANDLE_SEEDS,2,3,correct,person,32,0
1036,train_1036_V088_3_1,V088_3_1,V088,HANDLE_SEEDS,2,3,correct,person,32,0
1037,train_1037_V088_4_0,V088_4_0,V088,PLACE_SEEDS,3,4,correct,person,25,7
1038,train_1038_V088_5_0,V088_5_0,V088,TAKE_DROPPER,4,5,correct,person,32,0
1039,train_1039_V088_5_1,V088_5_1,V088,TAKE_DROPPER,4,5,correct,person,32,0
1040,train_1040_V088_5_2,V088_5_2,V088,TAKE_DROPPER,4,5,correct,person,32,0
1041,train_1041_V088_5_3,V088_5_3,V088,TAKE_DROPPER,4,5,correct,person,32,0
1042,train_1042_V088_5_4,V088_5_4,V088,TAKE_DROPPER,4,5,correct,person,32,0
1043,train_1043_V088_5_5,V088_5_5,V088,TAKE_DROPPER,4,5,correct,person,32,0
1044,train_1044_V088_6_0,V088_6_0,V088,ADD_WATER,5,6,correct,person,32,0
1045,train_1045_V088_6_1,V088_6_1,V088,ADD_WATER,5,6,correct,person,32,0
1046,train_1046_V089_1_0,V089_1_0,V089,RETRIEVE_COTTON,0,1,correct,person,22,10
1047,train_1047_V089_2_0,V089_2_0,V089,PLACE_COTTON,1,2,correct,person,16,16
1048,train_1048_V089_3_0,V089_3_0,V089,HANDLE_SEEDS,2,3,correct,person,32,0
1049,train_1049_V089_3_1,V089_3_1,V089,HANDLE_SEEDS,2,3,correct,person,32,0
1050,train_1050_V089_3_2,V089_3_2,V089,HANDLE_SEEDS,2,3,correct,person,32,0
1051,train_1051_V089_4_0,V089_4_0,V089,PLACE_SEEDS,3,4,correct,person,28,4
1052,train_1052_V089_5_0,V089_5_0,V089,TAKE_DROPPER,4,5,correct,person,32,0
1053,train_1053_V089_5_1,V089_5_1,V089,TAKE_DROPPER,4,5,correct,person,32,0
1054,train_1054_V089_5_2,V089_5_2,V089,TAKE_DROPPER,4,5,correct,person,32,0
1055,train_1055_V089_5_3,V089_5_3,V089,TAKE_DROPPER,4,5,correct,person,32,0
1056,train_1056_V089_5_4,V089_5_4,V089,TAKE_DROPPER,4,5,correct,person,32,0
1057,train_1057_V089_5_5,V089_5_5,V089,TAKE_DROPPER,4,5,correct,person,32,0
1058,train_1058_V089_5_6,V089_5_6,V089,TAKE_DROPPER,4,5,correct,person,32,0
1059,train_1059_V089_6_0,V089_6_0,V089,ADD_WATER,5,6,correct,person,32,0
1060,train_1060_V089_6_1,V089_6_1,V089,ADD_WATER,5,6,correct,person,32,0
1061,train_1061_V089_6_2,V089_6_2,V089,ADD_WATER,5,6,correct,person,32,0
1062,train_1062_V091_1_0,V091_1_0,V091,RETRIEVE_COTTON,0,1,repeated,none,32,0
1063,train_1063_V091_1_1,V091_1_1,V091,RETRIEVE_COTTON,0,1,repeated,none,32,0
1064,train_1064_V091_2_0,V091_2_0,V091,PLACE_COTTON,1,2,repeated,none,31,1
1065,train_1065_V091_3_0,V091_3_0,V091,HANDLE_SEEDS,2,3,repeated,none,32,0
1066,train_1066_V091_3_1,V091_3_1,V091,HANDLE_SEEDS,2,3,repeated,none,32,0
1067,train_1067_V091_3_0,V091_3_0,V091,HANDLE_SEEDS,2,3,repeated,none,32,0
1068,train_1068_V091_3_1,V091_3_1,V091,HANDLE_SEEDS,2,3,repeated,none,32,0
1069,train_1069_V091_3_2,V091_3_2,V091,HANDLE_SEEDS,2,3,repeated,none,32,0
1070,train_1070_V091_4_0,V091_4_0,V091,PLACE_SEEDS,3,4,repeated,none,32,0
1071,train_1071_V091_4_1,V091_4_1,V091,PLACE_SEEDS,3,4,repeated,none,32,0
1072,train_1072_V091_4_2,V091_4_2,V091,PLACE_SEEDS,3,4,repeated,none,32,0
1073,train_1073_V091_4_0,V091_4_0,V091,PLACE_SEEDS,3,4,repeated,none,32,0
1074,train_1074_V091_4_1,V091_4_1,V091,PLACE_SEEDS,3,4,repeated,none,32,0
1075,train_1075_V091_4_2,V091_4_2,V091,PLACE_SEEDS,3,4,repeated,none,32,0
1076,train_1076_V091_4_3,V091_4_3,V091,PLACE_SEEDS,3,4,repeated,none,32,0
1077,train_1077_V091_4_4,V091_4_4,V091,PLACE_SEEDS,3,4,repeated,none,32,0
1078,train_1078_V091_4_5,V091_4_5,V091,PLACE_SEEDS,3,4,repeated,none,32,0
1079,train_1079_V091_4_6,V091_4_6,V091,PLACE_SEEDS,3,4,repeated,none,32,0
1080,train_1080_V091_4_7,V091_4_7,V091,PLACE_SEEDS,3,4,repeated,none,32,0
1081,train_1081_V091_4_8,V091_4_8,V091,PLACE_SEEDS,3,4,repeated,none,32,0
1082,train_1082_V091_5_0,V091_5_0,V091,TAKE_DROPPER,4,5,repeated,none,32,0
1083,train_1083_V091_5_1,V091_5_1,V091,TAKE_DROPPER,4,5,repeated,none,32,0
1084,train_1084_V091_5_2,V091_5_2,V091,TAKE_DROPPER,4,5,repeated,none,32,0
1085,train_1085_V091_5_3,V091_5_3,V091,TAKE_DROPPER,4,5,repeated,none,32,0
1086,train_1086_V091_5_4,V091_5_4,V091,TAKE_DROPPER,4,5,repeated,none,32,0
1087,train_1087_V091_5_5,V091_5_5,V091,TAKE_DROPPER,4,5,repeated,none,32,0
1088,train_1088_V091_5_6,V091_5_6,V091,TAKE_DROPPER,4,5,repeated,none,32,0
1089,train_1089_V091_5_7,V091_5_7,V091,TAKE_DROPPER,4,5,repeated,none,32,0
1090,train_1090_V091_5_8,V091_5_8,V091,TAKE_DROPPER,4,5,repeated,none,32,0
1091,train_1091_V091_6_0,V091_6_0,V091,ADD_WATER,5,6,repeated,none,32,0
1092,train_1092_V091_6_1,V091_6_1,V091,ADD_WATER,5,6,repeated,none,32,0
1093,train_1093_V091_6_2,V091_6_2,V091,ADD_WATER,5,6,repeated,none,32,0
1094,train_1094_V091_6_3,V091_6_3,V091,ADD_WATER,5,6,repeated,none,32,0
1095,train_1095_V091_6_4,V091_6_4,V091,ADD_WATER,5,6,repeated,none,32,0
1096,train_1096_V091_6_5,V091_6_5,V091,ADD_WATER,5,6,repeated,none,32,0
1097,train_1097_V091_6_6,V091_6_6,V091,ADD_WATER,5,6,repeated,none,32,0
1098,train_1098_V091_6_7,V091_6_7,V091,ADD_WATER,5,6,repeated,none,32,0
1099,train_1099_V091_6_8,V091_6_8,V091,ADD_WATER,5,6,repeated,none,32,0
1100,train_1100_V092_1_0,V092_1_0,V092,RETRIEVE_COTTON,0,1,repeated,none,10,22
1101,train_1101_V092_2_0,V092_2_0,V092,PLACE_COTTON,1,2,repeated,none,28,4
1102,train_1102_V092_3_0,V092_3_0,V092,HANDLE_SEEDS,2,3,repeated,none,19,13
1103,train_1103_V092_4_0,V092_4_0,V092,PLACE_SEEDS,3,4,repeated,none,32,0
1104,train_1104_V092_4_1,V092_4_1,V092,PLACE_SEEDS,3,4,repeated,none,32,0
1105,train_1105_V092_4_2,V092_4_2,V092,PLACE_SEEDS,3,4,repeated,none,32,0
1106,train_1106_V092_4_3,V092_4_3,V092,PLACE_SEEDS,3,4,repeated,none,32,0
1107,train_1107_V092_4_4,V092_4_4,V092,PLACE_SEEDS,3,4,repeated,none,32,0
1108,train_1108_V092_4_5,V092_4_5,V092,PLACE_SEEDS,3,4,repeated,none,32,0
1109,train_1109_V092_4_6,V092_4_6,V092,PLACE_SEEDS,3,4,repeated,none,32,0
1110,train_1110_V092_4_7,V092_4_7,V092,PLACE_SEEDS,3,4,repeated,none,32,0
1111,train_1111_V092_4_8,V092_4_8,V092,PLACE_SEEDS,3,4,repeated,none,32,0
1112,train_1112_V092_4_9,V092_4_9,V092,PLACE_SEEDS,3,4,repeated,none,32,0
1113,train_1113_V092_5_0,V092_5_0,V092,TAKE_DROPPER,4,5,repeated,none,32,0
1114,train_1114_V092_5_1,V092_5_1,V092,TAKE_DROPPER,4,5,repeated,none,32,0
1115,train_1115_V092_6_0,V092_6_0,V092,ADD_WATER,5,6,repeated,none,32,0
1116,train_1116_V092_6_1,V092_6_1,V092,ADD_WATER,5,6,repeated,none,32,0
1117,train_1117_V092_6_2,V092_6_2,V092,ADD_WATER,5,6,repeated,none,32,0
1118,train_1118_V092_6_3,V092_6_3,V092,ADD_WATER,5,6,repeated,none,32,0
1119,train_1119_V092_6_0,V092_6_0,V092,ADD_WATER,5,6,repeated,none,32,0
1120,train_1120_V092_6_1,V092_6_1,V092,ADD_WATER,5,6,repeated,none,32,0
1121,train_1121_V092_6_2,V092_6_2,V092,ADD_WATER,5,6,repeated,none,32,0
1122,train_1122_V092_6_3,V092_6_3,V092,ADD_WATER,5,6,repeated,none,32,0
1123,train_1123_V092_6_4,V092_6_4,V092,ADD_WATER,5,6,repeated,none,32,0
1124,train_1124_V092_6_5,V092_6_5,V092,ADD_WATER,5,6,repeated,none,32,0
1125,train_1125_V092_6_6,V092_6_6,V092,ADD_WATER,5,6,repeated,none,32,0
1126,train_1126_V092_6_7,V092_6_7,V092,ADD_WATER,5,6,repeated,none,32,0
1127,train_1127_V093_1_0,V093_1_0,V093,RETRIEVE_COTTON,0,1,repeated,none,13,19
1128,train_1128_V093_2_0,V093_2_0,V093,PLACE_COTTON,1,2,repeated,none,25,7
1129,train_1129_V093_3_0,V093_3_0,V093,HANDLE_SEEDS,2,3,repeated,none,13,19
1130,train_1130_V093_4_0,V093_4_0,V093,PLACE_SEEDS,3,4,repeated,none,32,0
1131,train_1131_V093_4_1,V093_4_1,V093,PLACE_SEEDS,3,4,repeated,none,32,0
1132,train_1132_V093_5_0,V093_5_0,V093,TAKE_DROPPER,4,5,repeated,none,32,0
1133,train_1133_V093_5_1,V093_5_1,V093,TAKE_DROPPER,4,5,repeated,none,32,0
1134,train_1134_V093_6_0,V093_6_0,V093,ADD_WATER,5,6,repeated,none,32,0
1135,train_1135_V093_6_1,V093_6_1,V093,ADD_WATER,5,6,repeated,none,32,0
1136,train_1136_V093_6_2,V093_6_2,V093,ADD_WATER,5,6,repeated,none,32,0
1137,train_1137_V093_6_3,V093_6_3,V093,ADD_WATER,5,6,repeated,none,32,0
1138,train_1138_V093_3_0,V093_3_0,V093,HANDLE_SEEDS,2,3,repeated,none,19,13
1139,train_1139_V093_4_0,V093_4_0,V093,PLACE_SEEDS,3,4,repeated,none,32,0
1140,train_1140_V093_4_1,V093_4_1,V093,PLACE_SEEDS,3,4,repeated,none,32,0
1141,train_1141_V094_1_0,V094_1_0,V094,RETRIEVE_COTTON,0,1,repeated,none,28,4
1142,train_1142_V094_2_0,V094_2_0,V094,PLACE_COTTON,1,2,repeated,none,32,0
1143,train_1143_V094_2_1,V094_2_1,V094,PLACE_COTTON,1,2,repeated,none,32,0
1144,train_1144_V094_1_0,V094_1_0,V094,RETRIEVE_COTTON,0,1,repeated,none,13,19
1145,train_1145_V094_2_0,V094_2_0,V094,PLACE_COTTON,1,2,repeated,none,32,0
1146,train_1146_V094_2_1,V094_2_1,V094,PLACE_COTTON,1,2,repeated,none,32,0
1147,train_1147_V094_3_0,V094_3_0,V094,HANDLE_SEEDS,2,3,repeated,none,16,16
1148,train_1148_V094_4_0,V094_4_0,V094,PLACE_SEEDS,3,4,repeated,none,32,0
1149,train_1149_V094_4_1,V094_4_1,V094,PLACE_SEEDS,3,4,repeated,none,32,0
1150,train_1150_V094_4_2,V094_4_2,V094,PLACE_SEEDS,3,4,repeated,none,32,0
1151,train_1151_V094_5_0,V094_5_0,V094,TAKE_DROPPER,4,5,repeated,none,32,0
1152,train_1152_V094_5_1,V094_5_1,V094,TAKE_DROPPER,4,5,repeated,none,32,0
1153,train_1153_V094_6_0,V094_6_0,V094,ADD_WATER,5,6,repeated,none,32,0
1154,train_1154_V094_6_1,V094_6_1,V094,ADD_WATER,5,6,repeated,none,32,0
1155,train_1155_V094_6_2,V094_6_2,V094,ADD_WATER,5,6,repeated,none,32,0
1156,train_1156_V094_6_3,V094_6_3,V094,ADD_WATER,5,6,repeated,none,32,0
1157,train_1157_V094_6_4,V094_6_4,V094,ADD_WATER,5,6,repeated,none,32,0
1158,train_1158_V094_6_5,V094_6_5,V094,ADD_WATER,5,6,repeated,none,32,0
1159,train_1159_V097_1_0,V097_1_0,V097,RETRIEVE_COTTON,0,1,repeated,none,7,25
1160,train_1160_V097_2_0,V097_2_0,V097,PLACE_COTTON,1,2,repeated,none,31,1
1161,train_1161_V097_3_0,V097_3_0,V097,HANDLE_SEEDS,2,3,repeated,none,19,13
1162,train_1162_V097_4_0,V097_4_0,V097,PLACE_SEEDS,3,4,repeated,none,32,0
1163,train_1163_V097_4_1,V097_4_1,V097,PLACE_SEEDS,3,4,repeated,none,32,0
1164,train_1164_V097_4_2,V097_4_2,V097,PLACE_SEEDS,3,4,repeated,none,32,0
1165,train_1165_V097_5_0,V097_5_0,V097,TAKE_DROPPER,4,5,repeated,none,32,0
1166,train_1166_V097_6_0,V097_6_0,V097,ADD_WATER,5,6,repeated,none,32,0
1167,train_1167_V097_6_1,V097_6_1,V097,ADD_WATER,5,6,repeated,none,32,0
1168,train_1168_V097_6_2,V097_6_2,V097,ADD_WATER,5,6,repeated,none,32,0
1169,train_1169_V097_6_3,V097_6_3,V097,ADD_WATER,5,6,repeated,none,32,0
1170,train_1170_V097_6_4,V097_6_4,V097,ADD_WATER,5,6,repeated,none,32,0
1171,train_1171_V097_6_5,V097_6_5,V097,ADD_WATER,5,6,repeated,none,32,0
1172,train_1172_V097_5_0,V097_5_0,V097,TAKE_DROPPER,4,5,repeated,none,19,13
1173,train_1173_V097_6_0,V097_6_0,V097,ADD_WATER,5,6,repeated,none,32,0
1174,train_1174_V097_6_1,V097_6_1,V097,ADD_WATER,5,6,repeated,none,32,0
1175,train_1175_V097_6_2,V097_6_2,V097,ADD_WATER,5,6,repeated,none,32,0
1176,train_1176_V097_6_3,V097_6_3,V097,ADD_WATER,5,6,repeated,none,32,0
1177,train_1177_V098_1_0,V098_1_0,V098,RETRIEVE_COTTON,0,1,skipped,none,25,7
1178,train_1178_V098_2_0,V098_2_0,V098,PLACE_COTTON,1,2,skipped,none,32,0
1179,train_1179_V098_3_0,V098_3_0,V098,HANDLE_SEEDS,2,3,skipped,none,32,0
1180,train_1180_V098_3_1,V098_3_1,V098,HANDLE_SEEDS,2,3,skipped,none,32,0
1181,train_1181_V098_3_0,V098_3_0,V098,HANDLE_SEEDS,2,3,skipped,none,32,0
1182,train_1182_V098_4_0,V098_4_0,V098,PLACE_SEEDS,3,4,skipped,none,32,0
1183,train_1183_V098_4_1,V098_4_1,V098,PLACE_SEEDS,3,4,skipped,none,32,0
1184,train_1187_V099_1_0,V099_1_0,V099,RETRIEVE_COTTON,0,1,skipped,none,19,13
1185,train_1188_V099_2_0,V099_2_0,V099,PLACE_COTTON,1,2,skipped,none,32,0
1186,train_1189_V099_2_1,V099_2_1,V099,PLACE_COTTON,1,2,skipped,none,32,0
1187,train_1190_V099_5_0,V099_5_0,V099,TAKE_DROPPER,4,5,skipped,none,32,0
1188,train_1191_V099_5_1,V099_5_1,V099,TAKE_DROPPER,4,5,skipped,none,32,0
1189,train_1192_V099_5_2,V099_5_2,V099,TAKE_DROPPER,4,5,skipped,none,32,0
1190,train_1193_V099_5_3,V099_5_3,V099,TAKE_DROPPER,4,5,skipped,none,32,0
1191,train_1194_V099_5_4,V099_5_4,V099,TAKE_DROPPER,4,5,skipped,none,32,0
1192,train_1195_V099_6_0,V099_6_0,V099,ADD_WATER,5,6,skipped,none,32,0
1193,train_1196_V099_6_1,V099_6_1,V099,ADD_WATER,5,6,skipped,none,32,0
1194,train_1197_V099_6_2,V099_6_2,V099,ADD_WATER,5,6,skipped,none,32,0
1195,train_1198_V100_3_0,V100_3_0,V100,HANDLE_SEEDS,2,3,skipped,none,25,7
1196,train_1199_V100_4_0,V100_4_0,V100,PLACE_SEEDS,3,4,skipped,none,32,0
1197,train_1200_V100_5_0,V100_5_0,V100,TAKE_DROPPER,4,5,skipped,none,32,0
1198,train_1201_V100_5_1,V100_5_1,V100,TAKE_DROPPER,4,5,skipped,none,32,0
1199,train_1202_V100_5_2,V100_5_2,V100,TAKE_DROPPER,4,5,skipped,none,32,0
1200,train_1203_V100_5_3,V100_5_3,V100,TAKE_DROPPER,4,5,skipped,none,32,0
1201,train_1204_V100_5_4,V100_5_4,V100,TAKE_DROPPER,4,5,skipped,none,32,0
1202,train_1205_V100_5_5,V100_5_5,V100,TAKE_DROPPER,4,5,skipped,none,32,0
1203,train_1206_V100_5_6,V100_5_6,V100,TAKE_DROPPER,4,5,skipped,none,32,0
1204,train_1207_V100_5_7,V100_5_7,V100,TAKE_DROPPER,4,5,skipped,none,32,0
1205,train_1208_V100_6_0,V100_6_0,V100,ADD_WATER,5,6,skipped,none,28,4
1206,train_1209_V101_1_0,V101_1_0,V101,RETRIEVE_COTTON,0,1,skipped,none,22,10
1207,train_1210_V101_2_0,V101_2_0,V101,PLACE_COTTON,1,2,skipped,none,25,7
1208,train_1211_V101_3_0,V101_3_0,V101,HANDLE_SEEDS,2,3,skipped,none,13,19
1209,train_1212_V101_4_0,V101_4_0,V101,PLACE_SEEDS,3,4,skipped,none,32,0
1210,train_1213_V101_4_1,V101_4_1,V101,PLACE_SEEDS,3,4,skipped,none,32,0
1211,train_1214_V101_4_2,V101_4_2,V101,PLACE_SEEDS,3,4,skipped,none,32,0
1212,train_1215_V103_3_0,V103_3_0,V103,HANDLE_SEEDS,2,3,skipped,none,16,16
1213,train_1216_V103_4_0,V103_4_0,V103,PLACE_SEEDS,3,4,skipped,none,32,0
1214,train_1217_V103_4_1,V103_4_1,V103,PLACE_SEEDS,3,4,skipped,none,32,0
1215,train_1218_V103_4_2,V103_4_2,V103,PLACE_SEEDS,3,4,skipped,none,32,0
1216,train_1219_V103_5_0,V103_5_0,V103,TAKE_DROPPER,4,5,skipped,none,22,10
1217,train_1220_V103_6_0,V103_6_0,V103,ADD_WATER,5,6,skipped,none,32,0
1218,train_1221_V103_6_1,V103_6_1,V103,ADD_WATER,5,6,skipped,none,32,0
1219,train_1222_V103_6_2,V103_6_2,V103,ADD_WATER,5,6,skipped,none,32,0
1220,train_1223_V103_6_3,V103_6_3,V103,ADD_WATER,5,6,skipped,none,32,0
1221,train_1224_V103_6_4,V103_6_4,V103,ADD_WATER,5,6,skipped,none,32,0
1222,train_1225_V103_6_5,V103_6_5,V103,ADD_WATER,5,6,skipped,none,32,0
1223,train_1226_V103_6_6,V103_6_6,V103,ADD_WATER,5,6,skipped,none,32,0
1224,train_1227_V104_1_0,V104_1_0,V104,RETRIEVE_COTTON,0,1,skipped,none,22,10
1225,train_1228_V104_2_0,V104_2_0,V104,PLACE_COTTON,1,2,skipped,none,32,0
1226,train_1229_V104_3_0,V104_3_0,V104,HANDLE_SEEDS,2,3,skipped,none,13,19
1227,train_1230_V104_4_0,V104_4_0,V104,PLACE_SEEDS,3,4,skipped,none,32,0
1228,train_1231_V104_4_1,V104_4_1,V104,PLACE_SEEDS,3,4,skipped,none,32,0
1229,train_1232_V104_4_2,V104_4_2,V104,PLACE_SEEDS,3,4,skipped,none,32,0
1230,train_1233_V104_4_3,V104_4_3,V104,PLACE_SEEDS,3,4,skipped,none,32,0
1231,train_1234_V104_4_4,V104_4_4,V104,PLACE_SEEDS,3,4,skipped,none,32,0
1232,train_1235_V106_1_0,V106_1_0,V106,RETRIEVE_COTTON,0,1,skipped,none,13,19
1233,train_1236_V106_2_0,V106_2_0,V106,PLACE_COTTON,1,2,skipped,none,32,0
1234,train_1237_V106_2_1,V106_2_1,V106,PLACE_COTTON,1,2,skipped,none,32,0
1235,train_1238_V106_5_0,V106_5_0,V106,TAKE_DROPPER,4,5,skipped,none,32,0
1236,train_1239_V106_6_0,V106_6_0,V106,ADD_WATER,5,6,skipped,none,32,0
1237,train_1240_V106_6_1,V106_6_1,V106,ADD_WATER,5,6,skipped,none,32,0
1238,train_1241_V106_6_2,V106_6_2,V106,ADD_WATER,5,6,skipped,none,32,0
1239,train_1242_V107_1_0,V107_1_0,V107,RETRIEVE_COTTON,0,1,skipped,none,13,19
1240,train_1243_V107_2_0,V107_2_0,V107,PLACE_COTTON,1,2,skipped,none,22,10
1241,train_1244_V107_5_0,V107_5_0,V107,TAKE_DROPPER,4,5,skipped,none,31,1
1242,train_1245_V107_6_0,V107_6_0,V107,ADD_WATER,5,6,skipped,none,32,0
1243,train_1246_V107_6_1,V107_6_1,V107,ADD_WATER,5,6,skipped,none,32,0
1244,train_1247_V107_6_2,V107_6_2,V107,ADD_WATER,5,6,skipped,none,32,0
1245,train_1248_V107_6_3,V107_6_3,V107,ADD_WATER,5,6,skipped,none,32,0
1246,train_1249_V107_6_4,V107_6_4,V107,ADD_WATER,5,6,skipped,none,32,0
1247,train_1250_V107_6_5,V107_6_5,V107,ADD_WATER,5,6,skipped,none,32,0
1248,train_1251_V107_6_6,V107_6_6,V107,ADD_WATER,5,6,skipped,none,32,0
1249,train_1252_V107_6_7,V107_6_7,V107,ADD_WATER,5,6,skipped,none,32,0
1250,train_1253_V107_6_8,V107_6_8,V107,ADD_WATER,5,6,skipped,none,32,0
1251,train_1254_V108_3_0,V108_3_0,V108,HANDLE_SEEDS,2,3,skipped,none,19,13
1252,train_1255_V108_4_0,V108_4_0,V108,PLACE_SEEDS,3,4,skipped,none,32,0
1253,train_1256_V108_4_1,V108_4_1,V108,PLACE_SEEDS,3,4,skipped,none,32,0
1254,train_1257_V108_4_2,V108_4_2,V108,PLACE_SEEDS,3,4,skipped,none,32,0
1255,train_1258_V108_5_0,V108_5_0,V108,TAKE_DROPPER,4,5,skipped,none,32,0
1256,train_1259_V108_5_1,V108_5_1,V108,TAKE_DROPPER,4,5,skipped,none,32,0
1257,train_1260_V108_5_2,V108_5_2,V108,TAKE_DROPPER,4,5,skipped,none,32,0
1258,train_1261_V108_6_0,V108_6_0,V108,ADD_WATER,5,6,skipped,none,32,0
1259,train_1262_V108_6_1,V108_6_1,V108,ADD_WATER,5,6,skipped,none,32,0
1260,train_1263_V109_1_0,V109_1_0,V109,RETRIEVE_COTTON,0,1,skipped,none,13,19
1261,train_1264_V109_2_0,V109_2_0,V109,PLACE_COTTON,1,2,skipped,none,19,13
1262,train_1265_V109_5_0,V109_5_0,V109,TAKE_DROPPER,4,5,skipped,none,32,0
1263,train_1266_V109_5_1,V109_5_1,V109,TAKE_DROPPER,4,5,skipped,none,32,0
1264,train_1267_V109_6_0,V109_6_0,V109,ADD_WATER,5,6,skipped,none,32,0
1265,train_1268_V109_6_1,V109_6_1,V109,ADD_WATER,5,6,skipped,none,32,0
1266,train_1269_V109_6_2,V109_6_2,V109,ADD_WATER,5,6,skipped,none,32,0
1267,train_1270_V109_6_3,V109_6_3,V109,ADD_WATER,5,6,skipped,none,32,0
1268,train_1271_V109_6_4,V109_6_4,V109,ADD_WATER,5,6,skipped,none,32,0
1269,train_1272_V109_6_5,V109_6_5,V109,ADD_WATER,5,6,skipped,none,32,0
1270,train_1273_V109_6_6,V109_6_6,V109,ADD_WATER,5,6,skipped,none,32,0
1271,train_1274_V109_6_7,V109_6_7,V109,ADD_WATER,5,6,skipped,none,32,0
1272,train_1275_V109_6_8,V109_6_8,V109,ADD_WATER,5,6,skipped,none,32,0
1273,train_1276_V110_1_0,V110_1_0,V110,RETRIEVE_COTTON,0,1,skipped,none,13,19
1274,train_1277_V110_2_0,V110_2_0,V110,PLACE_COTTON,1,2,skipped,none,32,0
1275,train_1278_V110_3_0,V110_3_0,V110,HANDLE_SEEDS,2,3,skipped,none,19,13
1276,train_1279_V110_4_0,V110_4_0,V110,PLACE_SEEDS,3,4,skipped,none,32,0
1277,train_1280_V110_4_1,V110_4_1,V110,PLACE_SEEDS,3,4,skipped,none,32,0
1278,train_1281_V110_4_2,V110_4_2,V110,PLACE_SEEDS,3,4,skipped,none,32,0
1279,train_1282_V111_3_0,V111_3_0,V111,HANDLE_SEEDS,2,3,skipped,none,22,10
1280,train_1283_V111_4_0,V111_4_0,V111,PLACE_SEEDS,3,4,skipped,none,25,7
1281,train_1284_V111_5_0,V111_5_0,V111,TAKE_DROPPER,4,5,skipped,none,19,13
1282,train_1285_V111_6_0,V111_6_0,V111,ADD_WATER,5,6,skipped,none,32,0
1283,train_1286_V111_6_1,V111_6_1,V111,ADD_WATER,5,6,skipped,none,32,0
1284,train_1287_V111_6_2,V111_6_2,V111,ADD_WATER,5,6,skipped,none,32,0
1285,train_1288_V111_6_3,V111_6_3,V111,ADD_WATER,5,6,skipped,none,32,0
1286,train_1289_V111_6_4,V111_6_4,V111,ADD_WATER,5,6,skipped,none,32,0
1287,train_1290_V111_6_5,V111_6_5,V111,ADD_WATER,5,6,skipped,none,32,0
1288,train_1291_V114_1_0,V114_1_0,V114,RETRIEVE_COTTON,0,1,skipped,none,10,22
1289,train_1292_V114_2_0,V114_2_0,V114,PLACE_COTTON,1,2,skipped,none,32,0
1290,train_1293_V114_5_0,V114_5_0,V114,TAKE_DROPPER,4,5,skipped,none,32,0
1291,train_1294_V114_5_1,V114_5_1,V114,TAKE_DROPPER,4,5,skipped,none,32,0
1292,train_1295_V114_6_0,V114_6_0,V114,ADD_WATER,5,6,skipped,none,32,0
1293,train_1296_V114_6_1,V114_6_1,V114,ADD_WATER,5,6,skipped,none,32,0
1294,train_1297_V114_6_2,V114_6_2,V114,ADD_WATER,5,6,skipped,none,32,0
1295,train_1298_V114_6_3,V114_6_3,V114,ADD_WATER,5,6,skipped,none,32,0
1296,train_1299_V115_3_0,V115_3_0,V115,HANDLE_SEEDS,2,3,skipped,none,28,4
1297,train_1300_V115_4_0,V115_4_0,V115,PLACE_SEEDS,3,4,skipped,none,32,0
1298,train_1301_V115_4_1,V115_4_1,V115,PLACE_SEEDS,3,4,skipped,none,32,0
1299,train_1302_V115_4_2,V115_4_2,V115,PLACE_SEEDS,3,4,skipped,none,32,0
1300,train_1303_V115_4_3,V115_4_3,V115,PLACE_SEEDS,3,4,skipped,none,32,0
1301,train_1304_V115_4_4,V115_4_4,V115,PLACE_SEEDS,3,4,skipped,none,32,0
1302,train_1305_V115_4_5,V115_4_5,V115,PLACE_SEEDS,3,4,skipped,none,32,0
1303,train_1306_V115_4_6,V115_4_6,V115,PLACE_SEEDS,3,4,skipped,none,32,0
1304,train_1307_V115_4_7,V115_4_7,V115,PLACE_SEEDS,3,4,skipped,none,32,0
1305,train_1308_V115_5_0,V115_5_0,V115,TAKE_DROPPER,4,5,skipped,none,32,0
1306,train_1309_V115_5_1,V115_5_1,V115,TAKE_DROPPER,4,5,skipped,none,32,0
1307,train_1310_V115_5_2,V115_5_2,V115,TAKE_DROPPER,4,5,skipped,none,32,0
1308,train_1311_V115_6_0,V115_6_0,V115,ADD_WATER,5,6,skipped,none,32,0
1309,train_1312_V115_6_1,V115_6_1,V115,ADD_WATER,5,6,skipped,none,32,0
1310,train_1313_V115_6_2,V115_6_2,V115,ADD_WATER,5,6,skipped,none,32,0
1311,train_1314_V115_6_3,V115_6_3,V115,ADD_WATER,5,6,skipped,none,32,0
1312,train_1315_V115_6_4,V115_6_4,V115,ADD_WATER,5,6,skipped,none,32,0
1313,train_1316_V115_6_5,V115_6_5,V115,ADD_WATER,5,6,skipped,none,32,0
1314,train_1317_V115_6_6,V115_6_6,V115,ADD_WATER,5,6,skipped,none,32,0
1315,train_1318_V115_6_7,V115_6_7,V115,ADD_WATER,5,6,skipped,none,32,0
1316,train_1319_V117_1_0,V117_1_0,V117,RETRIEVE_COTTON,0,1,skipped,none,16,16
1317,train_1320_V117_2_0,V117_2_0,V117,PLACE_COTTON,1,2,skipped,none,32,0
1318,train_1321_V117_5_0,V117_5_0,V117,TAKE_DROPPER,4,5,skipped,none,32,0
1319,train_1322_V117_5_1,V117_5_1,V117,TAKE_DROPPER,4,5,skipped,none,32,0
1320,train_1323_V117_6_0,V117_6_0,V117,ADD_WATER,5,6,skipped,none,32,0
1321,train_1324_V117_6_1,V117_6_1,V117,ADD_WATER,5,6,skipped,none,32,0
1322,train_1325_V117_6_2,V117_6_2,V117,ADD_WATER,5,6,skipped,none,32,0
1323,train_1326_V117_6_3,V117_6_3,V117,ADD_WATER,5,6,skipped,none,32,0
1324,train_1327_V117_6_4,V117_6_4,V117,ADD_WATER,5,6,skipped,none,32,0
1325,train_1328_V117_6_5,V117_6_5,V117,ADD_WATER,5,6,skipped,none,32,0
1326,train_1329_V117_6_6,V117_6_6,V117,ADD_WATER,5,6,skipped,none,32,0
1327,train_1330_V117_6_7,V117_6_7,V117,ADD_WATER,5,6,skipped,none,32,0
1328,train_1331_V117_6_8,V117_6_8,V117,ADD_WATER,5,6,skipped,none,32,0
1329,train_1332_V117_6_9,V117_6_9,V117,ADD_WATER,5,6,skipped,none,32,0
1330,train_1333_V117_6_10,V117_6_10,V117,ADD_WATER,5,6,skipped,none,32,0
1331,train_1334_V117_6_11,V117_6_11,V117,ADD_WATER,5,6,skipped,none,32,0
1332,train_1335_V117_6_12,V117_6_12,V117,ADD_WATER,5,6,skipped,none,32,0
1333,train_1336_V117_6_13,V117_6_13,V117,ADD_WATER,5,6,skipped,none,32,0
